L-histidine;L-Histidine-13C;L-4-hydroxyproline;Asn_13C;o-phosphoethanolamine;o-phosphoethanolamine13C;L-asparagine;L-Asparagine-13C;3-methyl-L-histidine;L-Asparagine-13C.1;taurine;L-Asparagine-13C.2;L-serine;L-Serine-13C;N-methyl-L-histidine;L-Asparagine-13C.3;glycylglycine;L-Asparagine-13C.4;Histamine;Arg13C;L-arginine;Arg13C.1;L-glutamine;L-Glutamine-13C;L-glycine;Glycine-13C;L-carnosine;Glycine-13C.1;L-homoserine;L-homoserine-13C;Asn_13C.1;Glycine-13C.2;Glycine-13C.3;Arg13C.2;L-Serine-13C.1;N6,N6,N6-trimethyl-L-lysine;Glycine-13C.4;L-Histidine-13C.1;o-phosphoethanolamine13C.1;L-Asparagine-13C.5;L-homoserine-13C.1;L-aspartic.acid;L-asparctic.acid-13C;L-glutamic.acid;L-glutamic.acid-13C;sarcosine;L-threonine-13C;citrulline;citrulline-13C;Beta-alanine;L-glutamic.acid-13C.1;ethanolamine;ethanolamine-13C;L-methionine.sulfoxide;L-asparctic.acid-13C.1;gamma-aminobutyric.acid;gamma-aminobutyric.acid-13C;L-threonine;L-threonine-13C.1;L-alanine;L-alanine-13C;5-aminolevulinic.acid;5-aminolevulinic.acid-13C;homo-L-arginine;L-glutamic.acid-13C.2;gamma-L-glutamyl-L-alanine;gamma-L-glutamyl-L-alanine-13C;ADMA;L-threonine-13C.2;SDMA;L-threonine-13C.3;Glu_13C;Asp_13C;Thr_13C;Ala_13C;Citrulline-13C;Ethanolamine-13C;Gamma-aminobutyric.acid-13C;5-aminolevulinic-13C;gamma-L-glutamyl-L-alanine-13C.1;epinephrine;L-proline-13C;L-2-aminoadipic.acid;L-2-aminoadipic.acid-13C;S-(5)-adenosyl-L-homocysteine;L-alpha-aminobutyric.acid-13C;o-acetyl-L-serine;L-proline-13C.1;Norepinephrine;L-proline-13C.2;L-alpha-aminobutyric.acid;L-alpha-aminobutyric.acid-13C.1;Ornithine;Ornithine-13C;dopamine;Tyr13C;L-Lysine;L-lysine-13C;L-tyrosine;Tyr13C.1;5-hydroxy-L-tryptophan;Tyr13C.2;DL-5-hydroxylysine;L-alpha-aminobutyric.acid-13C.2;L-proline;L-proline-13C.3;Ala_13C.1;Pro_13C;Tyr_13C;Lys_13C;L-2-aminoadipic.acid-13C.1;L-alpha-aminobutyric.acid-13C.3;Ornithine-13C.1;5-HIAA;Trp13C;3-methoxytyramine;Trp13C.1;L-kynurenine;Trp13C.2;L-tryptophan;Trp13C.3;L-isoleucine;L-isoleucine-13C;L-leucine;L-leucine-13C;L-phenylalanine;L-phenylalanine-13C;putrescine;putrescine-13C;methyldopa;Met13C;L-pipecolic.acid;Val13C;L-methionine;Met13C.1;L-valine;Val13C.1;serotonine;Met13C.2;Spermidine;spermine13C;Spermine;spermine13C.1;3-methoxytyrosine;X152;Val_13C;Leu_13C;ILe_13C;Met_13C;Phe_13C;Trp_13C;Spermine-13C;Putrescine-13C
432.805;625;0;784;9.575;0;88.766;703;185;703;34.195;703;2665.044;382;0;703;88.964;703;0;159;286.882;159;0;213;4401.626;4.02;0;4.02;3.765;0;784;4.02;4.02;159;382;11.263;4.02;625;0;703;0;599.803;585;1582.28;0;0;46.04;61.598;571;22372.896;0;1761.481;153;243.948;585;1107.367;1.651;709.665;46.04;1320.267;0;0;249;327.25;0;0;501;0;46.04;4.389;46.04;0;585;46.04;0;571;153;1.651;249;501;1.917;0;215.095;211;198;0;9.298;0;0.67;0;0;0;1403.374;9.904;0;0;22268.73;871;4688.008;0;0;0;299;0;1079.244;0;0;0;0;871;211;0;9.904;0.36499999999999999;161;682;161;0;161;85.556;161;1802.156;777;3230.6;986;1378.656;12.135;5853.17;227.694;468;0;81.214;0;4672.107;0;2736.873;0;4.363;0;947.425;131;17.353;131;0;0;0;986;777;0;12.135;161;131;0
51.85;29804.26;7.487;135452.719;40.845;465.414;4056.17;135452.719;0;135452.719;52.036;135452.719;15040.027;228117.531;0;135452.719;4027.928;135452.719;0;317246.156;233.876;317246.156;120.81;1244240.5;13570.065;176739.547;35.103;176739.547;735.697;16720.672;135452.719;176739.547;176739.547;317246.156;228117.531;8.115;176739.547;29804.26;465.414;135452.719;16720.672;2195.447;100137.477;1457.847;1973973.5;1.01;267517.969;114.43;5154.38;22857.432;1973973.5;5834.366;56706.703;7.495;100137.477;102.461;9233.1;6989.398;267517.969;9384.104;1714084.5;132.98;684.675;14.605;1973973.5;483;5968.509;128;267517.969;4.061;267517.969;1973973.5;100137.477;267517.969;1714084.5;5154.38;56706.703;9233.1;684.675;5968.509;511;116564.258;0;1316.549;1.143;5842.981;0;116564.258;284;116564.258;113.245;5842.981;1534.908;315652.375;0;66730.141;1625.41;798688.375;537.992;66730.141;2002.256;66730.141;2.988;5842.981;168.832;116564.258;1718098.75;116564.258;66730.141;798688.375;1316.549;5842.981;315652.375;0;15409.598;20.21;15409.598;0;15409.598;136.68;15409.598;23.04;131084.641;63.248;108215.75;22.391;64207.199;527.397;35048.242;12.149;3172.035;332.231;910079.625;0;3172.035;365.486;910079.625;3.648;3172.035;434.223;1519.934;6.716;1519.934;0;910079.625;910079.625;108215.75;131084.641;3172.035;64207.199;15409.598;1519.934;910.079625
5582.9;29214.545;1796.809;132061.594;72.216;397.551;41783.547;132061.594;5.921;132061.594;66689.336;132061.594;112295.695;218418.016;126.335;132061.594;41762.188;132061.594;3.542;303464.438;11418.147;303464.438;72557.438;1190890.25;377954.531;163534.406;58.524;163534.406;4394.923;16997.1;132061.594;163534.406;163534.406;303464.438;218418.016;284.999;163534.406;29214.545;397.551;132061.594;16997.1;30551.117;95260.398;161868.188;1891493.75;9.4469999999999992;254971.313;1035.437;4848.601;70656.203;1891493.75;5149.471;56558.977;598.694;95260.398;6100.424;9046.626;217205.063;254971.313;56005.48;1614768.875;309.784;483.871;14.481;1891493.75;38.048;5150.688;3.997;254971.313;14.359;254971.313;1891493.75;95260.398;254971.313;1614768.875;4848.601;56558.977;9046.626;483.871;5150.688;181.017;121464.609;584.515;1201.607;3.702;5810.91;0;121464.609;3.852;121464.609;2330.933;5810.91;5815.07;336293.281;3.206;61701.57;229880.906;777030.313;97795.242;61701.57;971.502;61701.57;8.398;5810.91;85469.258;121464.609;1619820.625;121464.609;61701.57;777030.313;1201.607;5810.91;336293.281;0;15622.503;14.405;15622.503;127.321;15622.503;28369.941;15622.503;38409.527;137793.406;37544.984;111905.805;17875.219;62357.672;62368.363;25541.867;735.733;3477.422;1763.743;888161.125;67870.008;3477.422;44452.129;888161.125;150.443;3477.422;267105.656;1761.261;30687.637;1761.261;14.076;888161.125;888161.125;111905.805;137793.406;3477.422;62357.672;15622.503;1761.261;888.161125
5634.646;28727.332;2047.813;132556.797;44.194;401.764;41275.711;133122.141;14.944;133122.141;63978.789;133122.141;114314.203;219845.828;131.127;133122.141;41308.715;133122.141;8.621;307203.063;10574.227;307203.063;71267.008;1156542.25;375256.313;163139.016;88.732;163139.016;4377.776;16783.184;132556.797;163139.016;163139.016;307203.063;219845.828;250.344;163139.016;28727.332;401.764;133122.141;16783.184;30311.906;94769.07;165039.172;1960943.125;0.69299999999999995;250109.844;1090.237;5037.456;70061;1960943.125;5164.292;55731.742;856.799;94769.07;6258.441;8823.857;216268.828;250109.844;56412.594;1571043.625;247.047;440.18;19.478;1960943.125;42.751;5297.042;569;250109.844;6.197;250109.844;1960943.125;94769.07;250109.844;1571043.625;5037.456;55731.742;8823.857;440.18;5297.042;0;119888.695;538.132;1376.314;19.905;5607.907;0;119888.695;3.73;119888.695;2408.527;5607.907;6488.828;337312.063;5.276;62067.5;228078.922;770916.125;95928.172;62067.5;995.365;62067.5;0;5607.907;83837.914;119888.695;1575709.125;119888.695;62067.5;770916.125;1376.314;5607.907;337312.063;0;14426.333;6.008;14426.333;75.63;14426.333;28250.541;14426.333;39827.207;136360.156;36674.27;111379.32;17518.957;62128.016;61929.738;23575.166;816.908;3236.348;2560.554;876974.938;65831.109;3236.348;44529.996;876974.938;291.3;3236.348;321013.688;1898.082;36841.277;1898.082;10.982;876974.938;876974.938;111379.32;136360.156;3236.348;62128.016;14426.333;1898.082;876.974938
8235.722;29538.568;3133.795;134959.109;2504.34;350.705;49717.25;134959.109;14.598;134959.109;60719.793;134959.109;132012.625;222457.547;367.381;134959.109;49293.289;134959.109;0;348527.406;20485.852;348527.406;121206.969;1161339.25;260256.453;168631.641;111.689;168631.641;2230.733;17727.186;134959.109;168631.641;168631.641;348527.406;222457.547;287.907;168631.641;29538.568;350.705;134959.109;17727.186;51057.902;95270.266;224304.766;1894978;2.1970000000000001;262586.156;1558.861;5138.356;30105.473;1894978;7722.9;58055.832;881.894;95270.266;1279.797;8671.503;270150.906;262586.156;47973.891;1586357;196.314;742.403;15.613;1894978;20.226;5611.701;3.887;262586.156;40.983;262586.156;1894978;95270.266;262586.156;1586357;5138.356;58055.832;8671.503;742.403;5611.701;28.528;128318.031;607.874;1190.309;0;5528.436;0;128318.031;35.277;128318.031;2264.479;5528.436;9425.868;385674.281;24.612;63850.508;401220.219;801571.375;144874.844;63850.508;1710.603;63850.508;0;5528.436;85801.422;128318.031;1591609.375;128318.031;63850.508;801571.375;1190.309;5528.436;385674.281;26.248999999999999;14707.441;4.541;14707.441;64.291;14707.441;37851.559;14707.441;62942.914;140750.578;58814.961;112986.438;27186.465;62100.215;17839.881;41275.02;3038.542;3346.035;3833.576;880579.313;109026.398;3346.035;71365.453;880579.313;758.695;3346.035;123128.211;2992.222;13059.233;2992.222;18.341;880579.313;880579.313;112986.438;140750.578;3346.035;62100.215;14707.441;2992.222;880.579313
11917.588;30157.824;4762.443;136310.188;2055.652;302.231;71754.766;136310.188;40.269;136310.188;114466.266;136310.188;189323.344;224750.078;608.782;136310.188;71819.609;136310.188;0;353221.906;29922.582;353221.906;178789.75;1122889.75;416177.406;163461.484;206.449;163461.484;2298.814;16557.381;136310.188;163461.484;163461.484;353221.906;224750.078;549.211;163461.484;30157.824;302.231;136310.188;16557.381;75141.453;77615.703;302545.906;1685831.375;0;261741.063;2329.14;5254.739;26803.328;1685831.375;7975.557;58432.082;812.217;77615.703;1972.595;7529.583;415206.031;261741.063;67578.508;1491189.25;165.726;658.382;14.198;1685831.375;113.347;5154.652;44.114;261741.063;20.419;261741.063;1685831.375;77615.703;261741.063;1491189.25;5254.739;58432.082;7529.583;658.382;5154.652;71.123;131180.359;866.754;1072.436;4.532;4975.551;0;131180.359;13.559;131180.359;3064.985;4975.551;9649.408;329308.156;15.808;65992.109;517923.844;698951;224716.656;65992.109;1648.339;65992.109;54.933;4975.551;138072.063;131180.359;1495591.125;131180.359;65992.109;698951;1072.436;4975.551;329308.156;0;15887.793;26.769;15887.793;159.783;15887.793;58722.141;15887.793;99847.383;148453.141;95652.461;122762.055;42072.563;65973.172;17448.984;23400.619;9439.609;3465.771;6148.419;882716.688;168421.359;3465.771;106335.75;882716.688;1080.829;3465.771;30605.939;373.486;1869.37;373.486;0;882716.688;882716.688;122762.055;148453.141;3465.771;65973.172;15887.793;373.486;882.716688
12345.035;32541.709;4876.142;149676.344;1111.166;322.567;75796.219;149676.344;61.274;149676.344;164005.156;149676.344;196524.156;256602.688;513.133;149676.344;75124.555;149676.344;0;353531.969;26757.123;353531.969;175074.453;1217462.75;471739.094;177899.5;162.97;177899.5;3102.31;18129.652;149676.344;177899.5;177899.5;353531.969;256602.688;477.823;177899.5;32541.709;322.567;149676.344;18129.652;83735.93;101450.078;404830.813;1983423.375;14.493;289725.219;2293.375;5889.45;41407.867;1983423.375;8571.011;64048.91;1174.987;101450.078;4697.796;9422.187;424857.063;289725.219;87774.266;1720830.5;174.548;474.407;16.342;1983423.375;168.091;6162.365;44.735;289725.219;39.562;289725.219;1983423.375;101450.078;289725.219;1720830.5;5889.45;64048.91;9422.187;474.407;6162.365;153.863;147786.984;971.488;1294.93;0;6276.571;88.874;147786.984;45.315;147786.984;3403.63;6276.571;9831.151;300511.281;3.53;75747.688;490102.125;745137.875;236040.563;75747.688;1389.594;75747.688;0;6276.571;142540.234;147786.984;1726822.125;147786.984;75747.688;745137.875;1294.93;6276.571;300511.281;0;17382.131;5.482;17382.131;187.641;17382.131;61631.109;17382.131;102890.516;171452.969;99852.922;142370.703;41212.484;73660.172;23532.451;15595.31;17376.426;4138.896;5141.179;1045166.125;167482.016;4138.896;108827.078;1045166.125;1276.741;4138.896;28461.74;154.02;1483.236;154.02;80.605;1045166.125;1045166.125;142370.703;171452.969;4138.896;73660.172;17382.131;154.02;1045.166125
14604.598;35689.855;5837.459;156972.063;1945.351;311.483;86014.297;156972.063;54.956;156972.063;131255.391;156972.063;247933.063;269247.063;598.509;156972.063;85121.43;156972.063;19.185;384823.219;32280.215;384823.219;203228.141;1288544.625;480076.344;189178.953;219.382;189178.953;3009.209;18683.563;156972.063;189178.953;189178.953;384823.219;269247.063;739.154;189178.953;35689.855;311.483;156972.063;18683.563;78734.922;104042.789;413430.813;2061202.875;560.49300000000005;313842.094;3135.745;5617.821;35947.488;2061202.875;11092.122;67894.492;1338.122;104042.789;2976.056;9542.053;496687.25;313842.094;83749.195;1801912.75;267.374;700.745;22.881;2061202.875;60.859;6710.717;58.544;313842.094;46.551;313842.094;2061202.875;104042.789;313842.094;1801912.75;5617.821;67894.492;9542.053;700.745;6710.717;129.584;161143.031;1171.272;1441.729;512;6648.336;26.032;161143.031;7.647;161143.031;4014.599;6648.336;17793.834;312876.969;0;78372.047;583193.313;759003.688;279221.281;78372.047;1873.58;78372.047;0;6648.336;165392.625;161143.031;1805266.25;161143.031;78372.047;759003.688;1441.729;6648.336;312876.969;0;18475.631;48.345;18475.631;238.707;18475.631;69702.07;18475.631;125012.906;182937.031;119881;147945.797;51457.703;77438.391;19708.059;17352.672;6788.938;4375.74;6595.404;1079449.375;206161.875;4375.74;129711.008;1079449.375;1330.558;4375.74;7945.43;114.439;452.487;114.439;39.295;1079449.375;1079449.375;147945.797;182937.031;4375.74;77438.391;18475.631;114.439;1079.449375
15270.735;30916.24;5976.044;142472.063;3276.961;358.335;91248.313;142472.063;89.441;142472.063;156395.438;142472.063;241170.766;239168.891;702.004;142472.063;90761.609;142472.063;38.979;349001.219;33422.797;349001.219;214685.25;1139327.25;529625.813;172323.766;278.837;172323.766;2891.561;16739.973;142472.063;172323.766;172323.766;349001.219;239168.891;611.433;172323.766;30916.24;358.335;142472.063;16739.973;89503.539;83860.977;457944.188;1791058.875;38.020000000000003;283311.031;2921.542;5638.312;33426.973;1791058.875;9566.362;60178.867;1111.946;83860.977;3189.353;7733.269;519284.563;283311.031;85199.289;1576701.75;151.324;691.488;28.15;1791058.875;64.973;5980.524;1.086;283311.031;15.318;283311.031;1791058.875;83860.977;283311.031;1576701.75;5638.312;60178.867;7733.269;691.488;5980.524;84.177;143057.266;1177.818;1070.902;0;6268.035;39.523;143057.266;9.106;143057.266;3790.715;6268.035;12824.445;315348.563;27.332;73536.852;583752.75;673026.188;291090.25;73536.852;1469.359;73536.852;0;6268.035;172191.625;143057.266;1581277.625;143057.266;73536.852;673026.188;1070.902;6268.035;315348.563;0;17065.119;11.463;17065.119;123.566;17065.119;75891.734;17065.119;128582.969;161528.828;120834.281;130623.594;53537.043;72919.234;25920.871;22840.723;7915.873;3620.861;5452.682;968728.938;212062.141;3620.861;130546.914;968728.938;1532.576;3620.861;65586.781;566.562;4274.197;566.562;26.343;968728.938;968728.938;130623.594;161528.828;3620.861;72919.234;17065.119;566.562;968.728938
13253.644;33609.465;4760.113;152795.125;2836.632;328.615;71186.891;153246.266;33.268;153246.266;78737.508;153246.266;189289.203;253200.656;594.554;153246.266;70779.922;153246.266;0;375349.531;32263.32;375349.531;180677.797;1248411.125;342375.844;179715.797;147.119;179715.797;1793.295;18996.246;152795.125;179715.797;179715.797;375349.531;253200.656;713.547;179715.797;33609.465;328.615;153246.266;18996.246;103794.016;100437.25;278821.281;1968041.875;0;298192.344;2558.093;5751.131;25469.813;1968041.875;8659.982;62340.234;1214.485;100437.25;2083.086;9200.208;420114.688;298192.344;65487.945;1756271.75;90.853;704.423;17.056;1968041.875;2.48;6055.554;33.497;298192.344;31.331;298192.344;1968041.875;100437.25;298192.344;1756271.75;5751.131;62340.234;9200.208;704.423;6055.554;24.667;144757.156;830.038;1214.911;0;6301.705;26.844;144757.156;37.023;144757.156;3036.301;6301.705;8755.332;290276.438;7.499;79869.719;528774.313;733271.313;256774.516;79869.719;1846.15;79869.719;12.307;6301.705;121152.508;144757.156;1760922.5;144757.156;79869.719;733271.313;1214.911;6301.705;290276.438;21.39;18559.896;17.062;18559.896;119.948;18559.896;67325.602;18559.896;114188.141;176769.531;112324.43;145272.375;47680.191;76146.195;1980.21;16873.061;11900.528;3781.216;6883.826;1041125.813;191303.406;3781.216;119995.906;1041125.813;1018.792;3781.216;1838.177;61.198;91.727;61.198;64.654;1041125.813;1041125.813;145272.375;176769.531;3781.216;76146.195;18559.896;61.198;1041.125813
5607.159;29321.488;1843.826;130512.219;106.727;329.962;41102.637;130512.219;20.991;130512.219;65025.551;130512.219;116034.711;225161.281;147.001;130512.219;41152.664;130512.219;16.039;300941.063;12011.727;300941.063;72871.445;1179223.25;380362.688;164033.328;44.143;164033.328;5343.8;17360.547;130512.219;164033.328;164033.328;300941.063;225161.281;279.95;164033.328;29321.488;329.962;130512.219;17360.547;30351.725;94450.32;163375.438;1923965.25;2.9489999999999998;253901.688;1151.169;5044.631;70023.695;1923965.25;5535.479;55672.969;744.125;94450.32;6544.55;8945.199;220350.375;253901.688;57961.406;1625166;195.212;429.369;15.024;1923965.25;15.59;5448.37;411;253901.688;8.32;253901.688;1923965.25;94450.32;253901.688;1625166;5044.631;55672.969;8945.199;429.369;5448.37;145.241;122090.57;473.368;1037.641;1.534;5693.824;0;122090.57;5.479;122090.57;2300.214;5693.824;6086.306;328267.188;0;62646.184;230442.25;762351.438;96083.461;62646.184;1181.917;62646.184;0;5693.824;86346.313;122090.57;1628774.875;122090.57;62646.184;762351.438;1037.641;5693.824;328267.188;0;15211.716;212;15211.716;88.513;15211.716;29058.656;15211.716;40405.93;134444.188;37656.535;109296.305;17464.393;61605.512;62179.699;24793.316;847.608;3224.249;2111.43;898624.938;66783.109;3224.249;45815.25;898624.938;194.945;3224.249;310325;1953.721;38127.332;1953.721;26.06;898624.938;898624.938;109296.305;134444.188;3224.249;61605.512;15211.716;1953.721;898.624938
6680.776;30771.219;2593.73;142190.359;925.761;411.216;42199.605;142190.359;4.561;142190.359;77684.578;142190.359;114007.391;238555.922;332.958;142190.359;41745.59;142190.359;17.656;344799.594;14482.04;344799.594;99184.172;1204576.125;231621.922;173684.469;63.119;173684.469;2961.118;18508.445;142190.359;173684.469;173684.469;344799.594;238555.922;311.033;173684.469;30771.219;411.216;142190.359;18508.445;50219.152;98211.891;250165.875;2030214.625;2.7789999999999999;274892;1128.744;5588.698;35379.91;2030214.625;7165.191;61168.855;708.419;98211.891;2015.015;9865.667;231006.734;274892;49454.914;1719193.25;206.869;509.631;16.314;2030214.625;105.728;5288.497;4.176;274892;24.137;274892;2030214.625;98211.891;274892;1719193.25;5588.698;61168.855;9865.667;509.631;5288.497;60.572;130708.773;596.429;1271.003;0;5838.456;0;130708.773;12.669;130708.773;1700.212;5838.456;6488.073;348245.844;20.068;67902.117;298986.219;815397.875;119764.219;67902.117;1334.559;67902.117;11.473;5838.456;70351.898;130708.773;1723484.5;130708.773;67902.117;815397.875;1271.003;5838.456;348245.844;0;15935.593;23.435;15935.593;57.349;15935.593;32016.986;15935.593;49915.234;141953.453;49602.348;121728.773;21139.018;66759.219;22547.031;34145.379;9818.108;3720.097;3472.345;964160.25;86107.148;3720.097;57815.648;964160.25;728.376;3720.097;129211.766;2261.84;14749.279;2261.84;10.116;964160.25;964160.25;121728.773;141953.453;3720.097;66759.219;15935.593;2261.84;964.16025
9048.898;29805.025;3083.637;137117.922;1603.048;356.747;54123.387;137117.922;7.119;137117.922;59424.934;137117.922;140880.094;230358.641;497.837;137117.922;54134.332;137117.922;12.211;352368.563;22692.959;352368.563;133499.328;1179301.875;259206.047;169879.766;208.553;169879.766;2402.802;17817.477;137117.922;169879.766;169879.766;352368.563;230358.641;425.246;169879.766;29805.025;356.747;137117.922;17817.477;48836.066;91727.383;259626.484;1902197.375;6.681;263387.875;1463.997;5375.293;28985.213;1902197.375;8096.486;60858.227;766.981;91727.383;1654.951;9107.862;301939.906;263387.875;52125.555;1633875.875;202.925;479.81;15.863;1902197.375;33.268;5481.654;40.529;263387.875;30.745;263387.875;1902197.375;91727.383;263387.875;1633875.875;5375.293;60858.227;9107.862;479.81;5481.654;129.862;133500.047;691.323;1281.45;1.018;5636.612;19.056;133500.047;17.774;133500.047;2121.723;5636.612;9711.122;371770.313;0;63734.895;429959.031;794442.438;161251.422;63734.895;1524.36;63734.895;0;5636.612;93240.047;133500.047;1635086.5;133500.047;63734.895;794442.438;1281.45;5636.612;371770.313;1.2450000000000001;14832.634;27.924;14832.634;167.056;14832.634;42001.914;14832.634;74954.492;148228.422;70054.367;119532.914;29319.205;61649.09;20584.645;37512.879;3662.656;3180.799;4282.337;883733.188;121116.758;3180.799;80109.359;883733.188;789.018;3180.799;106295.063;1823.458;7476.058;1823.458;25.676;883733.188;883733.188;119532.914;148228.422;3180.799;61649.09;14832.634;1823.458;883.733188
9005.367;31551.857;2488.137;147792.391;3467.339;379.018;47835.438;147792.391;42.426;147792.391;32453.732;147792.391;135287.875;239735.938;338.531;147792.391;47794.871;147792.391;0;359287.5;19788.871;359287.5;117173.148;1245428.375;221975.406;178091.578;101.33;178091.578;1350.279;19450.883;147792.391;178091.578;178091.578;359287.5;239735.938;351.773;178091.578;31551.857;379.018;147792.391;19450.883;66097.328;102292.719;165582.188;1986462.125;0;283674.531;1510.154;5339.944;27071.873;1986462.125;7643.251;62504.379;961.985;102292.719;1212.04;9754.106;270090.875;283674.531;45486.504;1735463.375;181.821;505.768;20.387;1986462.125;0;5984.909;43.509;283674.531;45.871;283674.531;1986462.125;102292.719;283674.531;1735463.375;5339.944;62504.379;9754.106;505.768;5984.909;53.535;134284.281;525.092;1271.48;1.651;6792.873;50.885;134284.281;2.515;134284.281;2266.465;6792.873;18260.777;322276.531;0;72586.469;384525.875;780798.125;154395.422;72586.469;1594.316;72586.469;0;6792.873;72788.07;134284.281;1740009.75;134284.281;72586.469;780798.125;1271.48;6792.873;322276.531;0;16871.887;10.859;16871.887;106.423;16871.887;41933.824;16871.887;72142.016;163682.547;67125.508;131365.047;28259.211;69582.859;994.778;27149.217;6992.242;3854.002;4504.049;1021990.25;111430.203;3854.002;77850.297;1021990.25;757.015;3854.002;23696.268;909.109;2478.026;909.109;32.249;1021990.25;1021990.25;131365.047;163682.547;3854.002;69582.859;16871.887;909.109;1021.99025
11414.248;32833.809;4315.767;153883.438;1524.547;354.762;67710.469;153883.438;82.253;153883.438;85644.133;153883.438;179821.922;257814.516;407.501;153883.438;66757.938;153883.438;43.231;370993.75;25645.131;370993.75;168682.406;1256619;355948.031;182513.578;128.905;182513.578;2702.441;19522.846;153883.438;182513.578;182513.578;370993.75;257814.516;526.906;182513.578;32833.809;354.762;153883.438;19522.846;61589.82;98861.211;320954.969;2058932.125;0.20100000000000001;294973.25;2138.909;6092.142;32391.58;2058932.125;8723.074;64483.863;1294.426;98861.211;2128.246;9147.736;395225.25;294973.25;67140.625;1737952.75;113.114;679.882;18.588;2058932.125;4.113;6301.749;32.134;294973.25;28.829;294973.25;2058932.125;98861.211;294973.25;1737952.75;6092.142;64483.863;9147.736;679.882;6301.749;0;143248.813;778.363;1263.75;1.09;6580.298;0;143248.813;7.735;143248.813;2879.166;6580.298;8435.838;311358.375;47.114;77199.906;482044.844;769758.75;226083.297;77199.906;1719.558;77199.906;0;6580.298;124496.289;143248.813;1743769.125;143248.813;77199.906;769758.75;1263.75;6580.298;311358.375;0;18100.383;405;18100.383;161.695;18100.383;56696.188;18100.383;101501.07;168849.813;97930.781;141820.656;41195.699;74528.055;12325.315;21631.906;4564.071;3437.712;6383.311;1033103.188;167690.813;3437.712;106879.078;1033103.188;984.902;3437.712;27475.793;369.877;1046.597;369.877;14.535;1033103.188;1033103.188;141820.656;168849.813;3437.712;74528.055;18100.383;369.877;1033.103188
10153.93;33613.953;3537.79;156446.125;2090.871;360.095;60546.871;156446.125;33.462;156446.125;71159.531;156446.125;162800.688;259479.469;656.77;156446.125;60089.652;156446.125;0;363587.656;23748.943;363587.656;146660.406;1288189.25;296975.781;189951.875;185.613;189951.875;2250.687;20408.418;156446.125;189951.875;189951.875;363587.656;259479.469;722.321;189951.875;33613.953;360.095;156446.125;20408.418;77527.258;103630.773;277277.406;2188042.5;0;307760.5;1906.892;6280.209;30150.088;2188042.5;8485.4;67117.703;1177.226;103630.773;2090.403;10045.438;346746.031;307760.5;58546.848;1851971.125;232.051;554.551;20.487;2188042.5;18.315;5857.731;19.159;307760.5;51.955;307760.5;2188042.5;103630.773;307760.5;1851971.125;6280.209;67117.703;10045.438;554.551;5857.731;103.408;145228.766;794.608;1418.124;3.204;6777.454;10.296;145228.766;18.98;145228.766;2764.594;6777.454;10423.635;304580.563;0;78899.992;441020.313;793905.063;202950.766;78899.992;1762.295;78899.992;36.08;6777.454;99670.852;145228.766;1856197.625;145228.766;78899.992;793905.063;1418.124;6777.454;304580.563;1.103;17898.02;38.866;17898.02;106.21;17898.02;51302.965;17898.02;91340.008;175996.844;87366.852;143431.063;37195.371;74791.266;4065.819;16486.914;9172.843;3791.126;6346.375;1064076.5;145961.859;3791.126;95012.484;1064076.5;904.604;3791.126;14517.473;276.704;1180.286;276.704;17.135;1064076.5;1064076.5;143431.063;175996.844;3791.126;74791.266;17898.02;276.704;1064.0765
15306.429;30932.762;4689.279;137821.641;1748.089;249.262;81559.68;137821.641;54.991;137821.641;74818.125;137821.641;213700.938;229129.516;580.15;137821.641;80585.727;137821.641;44.916;354483.656;36967.512;354483.656;202937.625;1097525.125;395747.156;167920.672;188.865;167920.672;2867.35;15727.377;137821.641;167920.672;167920.672;354483.656;229129.516;794.142;167920.672;30932.762;249.262;137821.641;15727.377;55314.957;78172.578;329560.125;1716305.875;1.9390000000000001;261839.25;3099.266;4852.341;24535.215;1716305.875;10212.099;58184.621;1237.965;78172.578;1588.255;7410.144;481304.875;261839.25;73107.031;1507171.5;235.2;488.655;14.215;1716305.875;11.447;5548.943;74.013;261839.25;26.469;261839.25;1716305.875;78172.578;261839.25;1507171.5;4852.341;58184.621;7410.144;488.655;5548.943;76.607;132935.859;898.687;1201.561;1.029;5638.335;0;132935.859;11.733;132935.859;3721.005;5638.335;10050.941;312089.625;0;68994.734;591252.375;668201.688;273760.719;68994.734;1563.913;68994.734;0;5638.335;150655.953;132935.859;1510912.75;132935.859;68994.734;668201.688;1201.561;5638.335;312089.625;0;16615.594;28.975;16615.594;261.478;16615.594;72887.25;16615.594;124760.398;157128.344;122062.844;128461.719;51701.301;68674.617;11699.646;21393.479;3882.603;3826.418;7187.797;902187.438;198286.641;3826.418;128802.719;902187.438;1149.205;3826.418;17915.098;176.437;761.006;176.437;7.729;902187.438;902187.438;128461.719;157128.344;3826.418;68674.617;16615.594;176.437;902.187438
5300.154;29917.188;2021.438;134026.859;103.875;411.711;40789.102;134026.859;6.951;134026.859;67845.984;134026.859;112517.461;223766.578;0;134026.859;40219.426;134026.859;0;298720.656;11051.585;298720.656;72488.055;1160105;372743.688;160455.797;81.684;160455.797;5974.402;17979.682;134026.859;160455.797;160455.797;298720.656;223766.578;319.785;160455.797;29917.188;411.711;134026.859;17979.682;31104.09;93624.953;167936.938;1933565.5;3.85;253484.594;1028.121;5113.192;70758.07;1933565.5;4682.918;56191.906;689.45;93624.953;6557.428;8923.476;213785.094;253484.594;57450.926;1598349;159.47;412.051;14.349;1933565.5;2.502;5194.264;7.928;253484.594;40.237;253484.594;1933565.5;93624.953;253484.594;1598349;5113.192;56191.906;8923.476;412.051;5194.264;187.302;124062.914;604.605;1155.307;1.59;5795.961;23.153;124062.914;6.257;124062.914;2128.151;5795.961;5834.957;338823.75;5.859;62363.809;232641.578;776021;96885.109;62363.809;697.992;62363.809;54.127;5795.961;88315.641;124062.914;1601477.5;124062.914;62363.809;776021;1155.307;5795.961;338823.75;4.109;15179.238;8.274;15179.238;57.126;15179.238;27145.83;15179.238;39895.883;138531.516;37659.887;109358.977;18029.119;61545.316;62552.781;24119.129;935.322;3376.071;2325.371;903343.875;68714.531;3376.071;45728.164;903343.875;164.944;3376.071;237357.672;1332.18;24752.287;1332.18;6.385;903343.875;903343.875;109358.977;138531.516;3376.071;61545.316;15179.238;1332.18;903.343875
4888.025;30402.648;1568.85;141857.563;413.975;357.482;30787.148;141857.563;22.069;141857.563;35445.035;141857.563;89056.836;236771.875;85.563;141857.563;30326.627;141857.563;0;352237.313;11167.663;352237.313;70643.422;1245910.125;157728.688;177087.922;55.081;177087.922;2038.818;20041.309;141857.563;177087.922;177087.922;352237.313;236771.875;218.476;177087.922;30402.648;357.482;141857.563;20041.309;30597.699;100875.43;131532.219;2093434.875;0;273807.375;935.535;5764.497;32936.223;2093434.875;6699.953;60531.613;796.23;100875.43;930.617;9667.662;165604.531;273807.375;34829.629;1676640.125;188.751;555.183;15.369;2093434.875;31.163;6078.75;578;273807.375;2.937;273807.375;2093434.875;100875.43;273807.375;1676640.125;5764.497;60531.613;9667.662;555.183;6078.75;23.945;129871.594;323.705;1289.198;0;5863.128;0;129871.594;12.006;129871.594;1418.08;5863.128;8861.562;368810.344;214;66532.727;235036.563;843559;85328.938;66532.727;2058.628;66532.727;0;5863.128;48308.348;129871.594;1681705.5;129871.594;66532.727;843559;1289.198;5863.128;368810.344;0;15617.146;45.877;15617.146;50.491;15617.146;23743.742;15617.146;36212.703;140899.719;34397.738;118776.391;16126.124;65471.039;9008.565;39950.301;3861.139;3055.271;3048.293;942358.438;61508.949;3055.271;43860.074;942358.438;376;3055.271;46814.324;1974.166;4726.354;1974.166;0;942358.438;942358.438;118776.391;140899.719;3055.271;65471.039;15617.146;1974.166;942.358438
6598.046;29355.93;2188.677;135400.938;1445.004;382.56;42513.746;135400.938;3.522;135400.938;48393.723;135400.938;115097.773;230259.375;326.342;135400.938;42628.93;135400.938;0;363747.656;18193.705;363747.656;101483.094;1171994.375;220867.438;174112.391;54.197;174112.391;2579.105;17729.248;135400.938;174112.391;174112.391;363747.656;230259.375;303.082;174112.391;29355.93;382.56;135400.938;17729.248;41766.48;99488.172;189649.234;1927425.125;1.8779999999999999;259512.953;1445.443;4899.086;32927.734;1927425.125;7831.592;59189.332;762.574;99488.172;1244.967;9039.042;231390.453;259512.953;44842;1644822.5;207.339;529.492;15.227;1927425.125;15.922;5564.711;15.661;259512.953;8.143;259512.953;1927425.125;99488.172;259512.953;1644822.5;4899.086;59189.332;9039.042;529.492;5564.711;2.946;125616.781;590.72;1264.265;1.732;5444.071;44.8;125616.781;14.471;125616.781;1788.198;5444.071;7302.446;435092.875;0;61817.77;365126.563;884118.063;119172.648;61817.77;1520.934;61817.77;0;5444.071;70719.664;125616.781;1649383.75;125616.781;61817.77;884118.063;1264.265;5444.071;435092.875;8.907;14613.646;37.939;14613.646;71.413;14613.646;31727.863;14613.646;56040.281;135463.828;52771.215;112646.297;23125.217;62766.855;19806.754;59004.023;1925.444;3390.095;4160.444;866269.313;91520.891;3390.095;60715.773;866269.313;583.761;3390.095;105876.672;2841.449;5457.676;2841.449;0;866269.313;866269.313;112646.297;135463.828;3390.095;62766.855;14613.646;2841.449;866.269313
9617.632;28511.145;2958.029;132537.156;1220.946;306.291;55456.008;132537.156;36.619;132537.156;42104.18;132537.156;144562.016;217034.766;442.004;132537.156;54403.18;132537.156;0;354220.813;27282.285;354220.813;138736.766;1091466.625;250523.094;162922.828;144.688;162922.828;2427.038;16360.723;132537.156;162922.828;162922.828;354220.813;217034.766;540.136;162922.828;28511.145;306.291;132537.156;16360.723;60876.121;86494.555;197289.953;1757382.5;0;247359.031;1644.806;4758.043;25010.805;1757382.5;8072.607;58063.473;1232.236;86494.555;1039.356;8074.902;304829.688;247359.031;48093.441;1499137.5;169.415;459.167;29.71;1757382.5;0;5592.274;13.311;247359.031;17.629;247359.031;1757382.5;86494.555;247359.031;1499137.5;4758.043;58063.473;8074.902;459.167;5592.274;0;120601.703;619.238;1072.96;784;5153.32;0;120601.703;2.67;120601.703;2425.017;5153.32;10896.239;419965.625;19.042;59992.836;511509.656;807088.125;171763.063;59992.836;1607.548;59992.836;11.449;5153.32;89084.445;120601.703;1502444;120601.703;59992.836;807088.125;1072.96;5153.32;419965.625;0;14065.607;9.934;14065.607;114.858;14065.607;44434.809;14065.607;81360.703;137412.531;76362.281;110258.461;32700.76;59531.328;3144.371;57215.371;4735.694;3198.277;5099.331;852698.063;126514.141;3198.277;88793.922;852698.063;813.037;3198.277;92480.273;3133.581;10383.216;3133.581;10.775;852698.063;852698.063;110258.461;137412.531;3198.277;59531.328;14065.607;3133.581;852.698063
3870.042;30941.58;1318.884;144914.75;1218.001;485.161;25179.943;145846.75;6.64;145846.75;35976.648;145846.75;74594.609;236293.453;141.146;145846.75;25212.127;145846.75;15.433;360240.156;8753.006;360240.156;57721.688;1238232;147775.578;178641.734;64.227;178641.734;2108.507;18908.496;144914.75;178641.734;178641.734;360240.156;236293.453;128.848;178641.734;30941.58;485.161;145846.75;18908.496;29858.334;99799.125;125228.813;2028673.125;0.16700000000000001;269162;1327.208;5842.205;32711.361;2028673.125;7505.812;61795.223;411.777;99799.125;906.029;10125.386;126169.273;269162;30499.18;1694402.5;322.697;573.254;17.494;2028673.125;31.183;6296.042;239;269162;19.607;269162;2028673.125;99799.125;269162;1694402.5;5842.205;61795.223;10125.386;573.254;6296.042;20.804;128331.242;307.347;1228.617;185;5678.626;33.358;128331.242;19.527;128331.242;953.893;5678.626;5384.389;412185.844;18.06;65186.203;184381.391;904824.125;64737.41;65186.203;1436.499;65186.203;7.042;5678.626;38343.875;128331.242;1698614.875;128331.242;65186.203;904824.125;1228.617;5678.626;412185.844;0;15412.401;0;15412.401;29.943;15412.401;17957.984;15412.401;26770.855;135899.297;26319.082;113954.445;11988.08;64898.875;10391.043;52546.91;1541.339;3155.706;2776.632;914520.875;46256.188;3155.706;31390.953;914520.875;355.407;3155.706;83041.891;3094.185;8479.428;3094.185;21.839;914520.875;914520.875;113954.445;135899.297;3155.706;64898.875;15412.401;3094.185;914.520875
9702.087;30636.451;3427.814;140070.516;1649.818;372.573;59083.176;140070.516;33.661;140070.516;72094.086;140070.516;161060.844;237398.547;561.709;140070.516;59390.824;140070.516;0;371885.813;24959.174;371885.813;146276.141;1194502.25;308862.25;176745.047;169.001;176745.047;3055.677;17793.438;140070.516;176745.047;176745.047;371885.813;237398.547;566.29;176745.047;30636.451;372.573;140070.516;17793.438;62556.996;96401.563;278632.781;1940342.625;4.7759999999999998;273442.563;1884.868;5377.081;32375.096;1940342.625;8330.268;61150.246;1408.912;96401.563;1678.34;8865.096;333296.5;273442.563;60601.934;1694272;194.552;644.403;16.93;1940342.625;44.676;5743.533;17.306;273442.563;27.675;273442.563;1940342.625;96401.563;273442.563;1694272;5377.081;61150.246;8865.096;644.403;5743.533;107.123;132162.906;740.174;1486.921;9.331;5616.757;0;132162.906;11.984;132162.906;2628.564;5616.757;12350.295;413014.75;38.799;64489.27;471622.063;847696.813;171737.063;64489.27;1889.157;64489.27;0;5616.757;103843.375;132162.906;1698323.375;132162.906;64489.27;847696.813;1486.921;5616.757;413014.75;0;15350.513;40.878;15350.513;113.079;15350.513;46468.063;15350.513;80884.516;149462.453;78555.805;122870.422;33631.949;63535.527;29383.832;53449.398;3087.24;3668.292;5373.305;949599.813;131610.594;3668.292;89900.125;949599.813;956.618;3668.292;166092.438;3725.408;13093.595;3725.408;16.506;949599.813;949599.813;122870.422;149462.453;3668.292;63535.527;15350.513;3725.408;949.599813
7105.777;29730.135;2575.368;138489.078;558.547;467.093;45106.957;138489.078;31.457;138489.078;65842.156;138489.078;115927.641;232376.969;292.909;138489.078;45124.699;138489.078;0;364631;18376.939;364631;106506.063;1177364.375;254008.391;175342.391;67.325;175342.391;2703.082;18003.574;138489.078;175342.391;175342.391;364631;232376.969;277.744;175342.391;29730.135;467.093;138489.078;18003.574;50083.332;95857.938;212508.938;1947044.625;5.1859999999999999;265836.313;1236.617;4969.69;34540.004;1947044.625;7541.112;61535.977;887.604;95857.938;1665.362;9145.503;248714.469;265836.313;48958.738;1612158.125;222.252;669.06;44.524;1947044.625;35.515;5695.469;48.073;265836.313;22.128;265836.313;1947044.625;95857.938;265836.313;1612158.125;4969.69;61535.977;9145.503;669.06;5695.469;0;129168.125;478.098;1137.206;2.311;5723.095;45.225;129168.125;3.98;129168.125;1861.173;5723.095;6720.119;435032.125;34.24;63668.031;376396.719;871808.125;129012.563;63668.031;1783.057;63668.031;0;5723.095;76369.875;129168.125;1616102.75;129168.125;63668.031;871808.125;1137.206;5723.095;435032.125;0;14876.421;17.018;14876.421;86.756;14876.421;33788.684;14876.421;57087.492;139142.5;55679.203;115108.906;24072.668;61794.637;32865.445;56030.613;5844.29;3334.314;4134.852;898965.938;95711.188;3334.314;64209.469;898965.938;711.348;3334.314;146260.391;3248.386;12575.841;3248.386;49.547;898965.938;898965.938;115108.906;139142.5;3334.314;61794.637;14876.421;3248.386;898.965938
5495.732;29793.699;2045.657;138625.703;56.178;383.943;42230.629;138625.703;57.051;138625.703;68179.242;138625.703;116488.258;234628.141;51.939;138625.703;42285.945;138625.703;0;310397.156;11797.351;310397.156;74425.172;1168346.25;394357.313;170541.266;50.663;170541.266;6004.281;18680.1;138625.703;170541.266;170541.266;310397.156;234628.141;112.711;170541.266;29793.699;383.943;138625.703;18680.1;32241.098;96419.289;166920.672;2031911.25;0;269302;1165.605;5371.99;77852.367;2031911.25;4833.875;59169.219;849.561;96419.289;6355.304;9452.952;226570.453;269302;61789.801;1661901;277.403;604.763;16.313;2031911.25;0;5854.828;4.298;269302;30.392;269302;2031911.25;96419.289;269302;1661901;5371.99;59169.219;9452.952;604.763;5854.828;236.147;128497.797;523.792;1241.614;4.911;5723.677;36.058;128497.797;5.857;128497.797;2256.879;5723.677;5247.395;338850.188;0;66838.328;236282.672;776044.125;100471.672;66838.328;896.343;66838.328;0;5723.677;91463.688;128497.797;1666091.875;128497.797;66838.328;776044.125;1241.614;5723.677;338850.188;0;15437.646;44.827;15437.646;110.533;15437.646;29493.131;15437.646;41788.66;138425.344;39686.727;113389.133;18500.092;62851.074;68668.313;25626.504;847.182;3536.282;2477.685;905895.625;70089.008;3536.282;46837.148;905895.625;205.944;3536.282;361776.188;2457.868;40585.809;2457.868;31.726;905895.625;905895.625;113389.133;138425.344;3536.282;62851.074;15437.646;2457.868;905.895625
12368.297;27825.645;4016.85;126059.367;3089.193;243.919;70920.516;126059.367;82.518;126059.367;79860.695;126059.367;190550.234;209449;575.648;126059.367;70624.641;126059.367;101.652;328507.125;30196.852;328507.125;183277.078;1056435.625;382149.25;156957.625;152.496;156957.625;3522.491;15152.278;126059.367;156957.625;156957.625;328507.125;209449;701.724;156957.625;27825.645;243.919;126059.367;15152.278;63118.164;79910.398;280480.063;1656041.625;2.0859999999999999;237825.547;2400.854;4722.747;30449.48;1656041.625;10518.259;55535.297;1404.174;79910.398;1501.503;7214.243;408752.063;237825.547;65558.609;1432980.375;203.205;471.943;22.471;1656041.625;9.286;4890.679;13.227;237825.547;24.046;237825.547;1656041.625;79910.398;237825.547;1432980.375;4722.747;55535.297;7214.243;471.943;4890.679;26.316;115572.992;780.116;950.354;0;5103.748;0;115572.992;7.187;115572.992;3164.921;5103.748;13971.641;366744.781;12.324;58207.008;578646.063;716992.063;212486.813;58207.008;1466.925;58207.008;21.009;5103.748;128441.633;115572.992;1437032.625;115572.992;58207.008;716992.063;950.354;5103.748;366744.781;6.6829999999999998;13485.475;23.676;13485.475;235.818;13485.475;55135.344;13485.475;100711.695;130104.609;94911.352;106550.516;40313.32;56432.117;19305.836;35257.082;2890.793;2834.372;5812.127;798339.813;158946.781;2834.372;106313.477;798339.813;1041.848;2834.372;110402.367;1431.231;10510.479;1431.231;20.608;798339.813;798339.813;106550.516;130104.609;2834.372;56432.117;13485.475;1431.231;798.339813
2438.9;29030.357;915.472;137362.297;648.011;449.622;18761.514;137362.297;8.749;137362.297;28216.828;137362.297;51032.945;229116.797;166.754;137362.297;18431.322;137362.297;50.753;342563.125;5723.568;342563.125;38695.836;1218425.5;106792.125;172836.016;48.068;172836.016;1926.442;17781.342;137362.297;172836.016;172836.016;342563.125;229116.797;97.696;172836.016;29030.357;449.622;137362.297;17781.342;20085.045;95567.82;80514.789;2036453.875;0.26800000000000002;260728.188;500.544;5773.338;32855.156;2036453.875;5181.826;58264.453;279.222;95567.82;603.207;8973.871;87490.109;260728.188;25105.627;1655920.875;232.685;684.344;16.654;2036453.875;0;5507.358;273;260728.188;3.66;260728.188;2036453.875;95567.82;260728.188;1655920.875;5773.338;58264.453;8973.871;684.344;5507.358;0;116823.688;177.646;1169.911;1.771;6118.404;0;116823.688;14.713;116823.688;763.789;6118.404;2793.72;381620.219;20.23;65361.426;113367.469;853410.5;44154.98;65361.426;1650.98;65361.426;0;6118.404;25135.066;116823.688;1659537.125;116823.688;65361.426;853410.5;1169.911;6118.404;381620.219;0;15273.013;9.562;15273.013;40.791;15273.013;12567.953;15273.013;17123.027;129908.75;15985.398;106903.445;8221.957;62123.387;8738.841;46238.375;2875.807;3325.945;2011.394;908208.25;29981.525;3325.945;21169.873;908208.25;159.149;3325.945;62783.813;2288.854;7318.453;2288.854;0;908208.25;908208.25;106903.445;129908.75;3325.945;62123.387;15273.013;2288.854;908.20825
6854.259;28379.316;2236.318;136095.406;1307.483;514.356;44431.004;136095.406;18.019;136095.406;68445.672;136095.406;123232.789;228581.281;234.585;136095.406;44340.121;136095.406;0;362763.5;17798.861;362763.5;108329.906;1176503.5;265882.5;167842.469;148.262;167842.469;3294.17;17929.859;136095.406;167842.469;167842.469;362763.5;228581.281;426.998;167842.469;28379.316;514.356;136095.406;17929.859;50516.926;94845.664;218480.313;1968067.25;0;260267.281;1301.087;4779.526;35786.035;1968067.25;7330.734;61147.98;737.823;94845.664;1493.645;8930.741;240392.172;260267.281;48835.227;1602691.875;210.178;587.842;17.144;1968067.25;12.691;5588.187;20.411;260267.281;7.434;260267.281;1968067.25;94845.664;260267.281;1602691.875;4779.526;61147.98;8930.741;587.842;5588.187;0;124190.344;680.503;1136.197;2.658;5609.973;0;124190.344;1.604;124190.344;1853.941;5609.973;9871.146;440556.031;0;61521.645;350118.375;880885.375;125172.117;61521.645;1473.914;61521.645;0;5609.973;77840.578;124190.344;1607681.375;124190.344;61521.645;880885.375;1136.197;5609.973;440556.031;0;14423.286;42.289;14423.286;27.23;14423.286;31940.584;14423.286;51975.762;131954.5;50805.918;110529.57;22559.158;59768.98;26351.107;54649.246;3216.586;3197.803;4283.577;883971.5;88420.195;3197.803;59995.625;883971.5;554.823;3197.803;184894.703;2739.752;18921.365;2739.752;65.35;883971.5;883971.5;110529.57;131954.5;3197.803;59768.98;14423.286;2739.752;883.9715
3105.176;31506.375;894.036;144014.719;2155.002;442.033;20459.266;144014.719;2.955;144014.719;25776.133;144014.719;57574.23;241159.016;102.879;144014.719;20591.691;144014.719;35.937;362149.063;7398.901;362149.063;47353.031;1285366.5;107979.258;184167.625;38.021;184167.625;1461.827;19349.16;144014.719;184167.625;184167.625;362149.063;241159.016;111.414;184167.625;31506.375;442.033;144014.719;19349.16;32923.543;106703.367;80399.617;2093467;909;280489.969;609.857;5208.983;33656.16;2093467;6778.344;65019.309;571.242;106703.367;960.309;9706.982;103549.414;280489.969;24619.959;1717296.375;170.293;613.862;14.474;2093467;6.744;5692.724;5.077;280489.969;2.712;280489.969;2093467;106703.367;280489.969;1717296.375;5208.983;65019.309;9706.982;613.862;5692.724;20.352;125196.242;243.387;1319.796;1.652;6169.885;0;125196.242;24.342;125196.242;739.512;6169.885;4387.077;414267.25;4.675;69562.117;159987.781;921175.75;54035.59;69562.117;1847.026;69562.117;0;6169.885;26456.924;125196.242;1722670.875;125196.242;69562.117;921175.75;1319.796;6169.885;414267.25;0;15773.783;23.094;15773.783;33.153;15773.783;13702.58;15773.783;23219.441;137739.656;22033.119;110741.156;9837.496;63242.922;1386.583;57495.094;4700.015;3179.427;2486.477;943287.563;38795.691;3179.427;27660.762;943287.563;281.704;3179.427;43960.684;4089.497;8985.715;4089.497;23.344;943287.563;943287.563;110741.156;137739.656;3179.427;63242.922;15773.783;4089.497;943.287563
8015.843;32054.576;2417.704;151340.063;1016.994;311.869;47574.664;151340.063;15.398;151340.063;60989.797;151340.063;139814.938;252442.688;406.465;151340.063;47631.77;151340.063;23.493;380296.063;20322.42;380296.063;118183.43;1291580.625;260891.438;187655.328;114.918;187655.328;2668.033;19601.146;151340.063;187655.328;187655.328;380296.063;252442.688;483.463;187655.328;32054.576;311.869;151340.063;19601.146;57541.875;103598.563;207066.875;2100556;0;294137.594;2079.909;5613.157;31163.236;2100556;8826.14;65163.719;1014.061;103598.563;1442.556;9484.015;270645.844;294137.594;48325.672;1759917.625;174.5;524.914;12.22;2100556;0;6194.391;25.851;294137.594;25.995;294137.594;2100556;103598.563;294137.594;1759917.625;5613.157;65163.719;9484.015;524.914;6194.391;0;139849.984;611.455;1469.844;0;6679.716;0;139849.984;24.313;139849.984;2171.378;6679.716;12258.355;377431.563;0;71871.328;390049.844;863819.125;148362.484;71871.328;1926.206;71871.328;0;6679.716;79229.242;139849.984;1764126.5;139849.984;71871.328;863819.125;1469.844;6679.716;377431.563;0;16280.573;29.013;16280.573;76.073;16280.573;39716.074;16280.573;68476.266;160036.547;65538.547;130278.492;27358.555;69445.992;6616.462;36881.723;5250.651;3800.647;5047.502;1008528.313;111365.555;3800.647;75021.016;1008528.313;782.062;3800.647;50194.781;1430.251;5814.71;1430.251;6.851;1008528.313;1008528.313;130278.492;160036.547;3800.647;69445.992;16280.573;1430.251;1008.528313
3907.25;30214.213;971.803;146017.25;972.687;510.239;22523.193;146017.25;1.315;146017.25;22837.945;146017.25;99264.414;237853.906;67.048;146017.25;21996.898;146017.25;0;358264.188;7136.495;358264.188;43558.637;1262534.375;134127.844;183759.109;45.22;183759.109;1642.828;18384.061;146017.25;183759.109;183759.109;358264.188;237853.906;149.318;183759.109;30214.213;510.239;146017.25;18384.061;26724.092;102449.203;88522.867;2052006.375;0;270587.688;1243.543;5494.546;34116.574;2052006.375;6418.908;63270.914;524.075;102449.203;575.783;10318.034;109609.141;270587.688;29216.924;1750424.75;284.221;454.336;14.37;2052006.375;0;5783.04;15.09;270587.688;7.755;270587.688;2052006.375;102449.203;270587.688;1750424.75;5494.546;63270.914;10318.034;454.336;5783.04;29.266;127409.258;181.864;1255.223;0;5839.939;0;127409.258;6.741;127409.258;912.716;5839.939;31329.844;394184.281;6.53;67158.898;157210.469;904663.375;58488.414;67158.898;1824.825;67158.898;5.468;5839.939;31990.908;127409.258;1754220;127409.258;67158.898;904663.375;1255.223;5839.939;394184.281;25.477;15787.24;27.34;15787.24;32.544;15787.24;16480.414;15787.24;21568.879;137956.594;22407.826;114048.594;10220.299;63421.406;6892.749;52000.148;974.468;3738.145;2085.047;948779.75;38030.547;3738.145;27311.832;948779.75;335.03;3738.145;70018.563;3521.444;8355.137;3521.444;0;948779.75;948779.75;114048.594;137956.594;3738.145;63421.406;15787.24;3521.444;948.77975
5211.205;28427.223;1895.218;132809.422;86.497;436.367;40129.355;133383.625;24.664;133383.625;65941.656;133383.625;113227.969;222177.078;178.013;133383.625;39702.941;133383.625;11.605;300778.25;11206.61;300778.25;73818.273;1150119.875;381922.156;164420.844;65.601;164420.844;6512.433;17433.15;132809.422;164420.844;164420.844;300778.25;222177.078;286.812;164420.844;28427.223;436.367;133383.625;17433.15;31320.09;92657.32;164619.625;1943797.875;0;248503.219;904.553;4978.253;75994.594;1943797.875;5553.799;55009.254;589.812;92657.32;6200.768;9047.918;212557.078;248503.219;57973.797;1586646.125;152.038;307.704;14.887;1943797.875;26.712;5403.012;0.14;248503.219;27.922;248503.219;1943797.875;92657.32;248503.219;1586646.125;4978.253;55009.254;9047.918;307.704;5403.012;0;117959.961;651.625;1177.322;1.254;5819.749;22.268;117959.961;24.038;117959.961;2267.811;5819.749;5334.51;339423.375;3.165;60579.203;228680.609;759386.313;94039.469;60579.203;886.045;60579.203;0;5819.749;85499.852;117959.961;1591788.375;117959.961;60579.203;759386.313;1177.322;5819.749;339423.375;0;15265.562;17.208;15265.562;4.484;15265.562;27903.01;15265.562;38385.078;131666.609;38193.09;105338.75;18236.814;60500.684;65005.137;26177.939;687.835;3226.744;1995.187;882813.938;64939.934;3226.744;46506.758;882813.938;147.689;3226.744;326413.313;2222.51;35210.445;2222.51;0;882813.938;882813.938;105338.75;131666.609;3226.744;60500.684;15265.562;2222.51;882.813938
368.087;0.67;4.675;0;0;0;54.264;0;0;0;83.8;0;3211.768;417;0;0;53.904;0;575;15.797;151.902;15.797;0;10.278;4697.898;19.907;0;19.907;32.406;302;0;19.907;19.907;15.797;417;15.998;19.907;0.67;0;0;302;686.238;5.576;1787.506;0;29;81.148;20.841;0;22809.541;0;2105.162;213;123.846;5.576;1164.245;11.442;962.258;81.148;1873.735;0;5.831;201;384.24;0;413;0;0.03;81.148;288;81.148;0;5.576;81.148;0;0;213;11.442;201;0;103;0;285.786;1.041;757;5.55;0;0;978;0;47.297;5.55;1753.558;18.278;0;834;22185.172;191.893;5460.334;834;1.84;834;1.952;5.55;973.118;0;0;0;834;191.893;1.041;5.55;18.278;0.55600000000000005;6.761;3.384;6.761;2.233;6.761;106.117;6.761;1940.132;2.463;3717.551;8.114;1501.931;3.554;5077.17;218.274;10.694;0;130.567;0;5484.995;0;2731.375;0;0.86;0;2333.874;148.505;1428.339;148.505;18.468;0;0;8.114;2.463;0;3.554;6.761;148.505;0
70.263;29917.404;1.626;139624.703;33.597;393.653;4087.309;139624.703;607;139624.703;46.531;139624.703;16547.967;231801.766;0;139624.703;3954.083;139624.703;0;316846.844;322.186;316846.844;113.61;1256265.125;13951.543;177050.531;0;177050.531;804.256;17101.832;139624.703;177050.531;177050.531;316846.844;231801.766;9.621;177050.531;29917.404;393.653;139624.703;17101.832;2470.591;100475.383;1484.885;2047271.25;10.577999999999999;269318.063;132.136;5543.701;23764.379;2047271.25;5678.136;57012.816;17.16;100475.383;89.228;9616.983;7181.478;269318.063;10087.187;1722363.375;98.299;835.041;15.127;2047271.25;0;5566.322;285;269318.063;4.29;269318.063;2047271.25;100475.383;269318.063;1722363.375;5543.701;57012.816;9616.983;835.041;5566.322;2.341;119547.523;0;1330.084;0.25;5691.189;2.912;119547.523;2.131;119547.523;113.428;5691.189;1408.736;313417.688;38.874;69870.461;1672.135;813454.063;387.563;69870.461;1951.171;69870.461;2.263;5691.189;236.094;119547.523;1728420;119547.523;69870.461;813454.063;1330.084;5691.189;313417.688;2.8969999999999998;16070.927;36.26;16070.927;0;16070.927;148.626;16070.927;42.095;134664.531;91.963;111446.367;25.951;66102.063;714.129;35493.453;0;3574.889;413.524;913269.375;140.894;3574.889;506.242;913269.375;19.396;3574.889;1147.545;1515.128;422.995;1515.128;0;913269.375;913269.375;111446.367;134664.531;3574.889;66102.063;16070.927;1515.128;913.269375
5488.905;29553.619;1777.229;134877.234;75.365;514.674;41908.219;134877.234;19.891;134877.234;67466.578;134877.234;119537.766;223171.547;146.073;134877.234;42053.188;134877.234;0;299989;11115.338;299989;75726;1163306;386345.625;163199.641;36.954;163199.641;6704.251;17570.783;134877.234;163199.641;163199.641;299989;223171.547;129.89;163199.641;29553.619;514.674;134877.234;17570.783;32707.682;95603.57;164737.406;1915268.75;15.298999999999999;256163.234;1680.153;5053.341;79256.57;1915268.75;5786.432;55688.043;732.718;95603.57;6789.638;9289.043;219045.5;256163.234;60591.137;1585570.5;204.624;477.528;20.612;1915268.75;14.243;5220.715;174;256163.234;31.446;256163.234;1915268.75;95603.57;256163.234;1585570.5;5053.341;55688.043;9289.043;477.528;5220.715;114.828;121556.336;613.719;1238.142;174;5817.775;0;121556.336;16.99;121556.336;2051.669;5817.775;6804.413;340090.438;44.463;61977.715;231102.375;768809.125;98932.375;61977.715;876.474;61977.715;0;5817.775;89295.203;121556.336;1588039.5;121556.336;61977.715;768809.125;1238.142;5817.775;340090.438;0;15111.943;19.407;15111.943;44.067;15111.943;28287.576;15111.943;41570.34;133920.797;38749.195;111066.172;18299.865;62571.824;63794.652;24255.119;734.283;3384.542;2003.855;902645.625;67122.07;3384.542;47430.031;902645.625;170.144;3384.542;321261.75;2090.202;39259.387;2090.202;16.803;902645.625;902645.625;111066.172;133920.797;3384.542;62571.824;15111.943;2090.202;902.645625
176;0;2.935;1.944;727;0;0;1.944;0;1.944;1.044;1.944;10.584;0;344;1.944;2.88;1.944;0;562;2.428;562;1.94;0;676;0;513;0;0;1.004;1.944;0;0;562;0;0;0;0;0;1.944;1.004;463;1.461;817;0;188;0;707;1.079;416;0;1.459;0.85;539;1.461;3.62;4.219;123;0;515;1.617;0;1.226;0;0;379;1.121;0;0;0.04;0;0;1.461;0;1.617;1.079;0.85;4.219;1.226;1.121;0;475;3.49;0;0;8.675;0;475;1.007;475;8.085;8.675;0;0;311;841;0;2.719;465;841;0;841;776;8.675;1.815;475;1.617;475;841;2.719;0;8.675;0;0;0;0;0;282;0;192;0;134;481;463;781;93;681;0;0;0;0;148;286;438;0;13.154;286;2.033;0;560.435;20.448;487.161;20.448;255;286;286;781;481;0;681;0;20.448;0.000286
11800.821;28090.654;4199.858;129476.914;2335.553;360.734;64948.352;129476.914;70.796;129476.914;140828.891;129476.914;229441.328;219407.547;476.114;129476.914;64079.297;129476.914;18.268;305935.031;21785.775;305935.031;133641.453;1093291;461152.813;156437.938;61.036;156437.938;4217.807;16481.471;129476.914;156437.938;156437.938;305935.031;219407.547;421.09;156437.938;28090.654;360.734;129476.914;16481.471;84899.414;91279.375;402095.5;1838844.125;0;249886.938;7824.796;4898.614;47260.836;1838844.125;9910.403;54231.68;1196.73;91279.375;4086.754;8625.541;358461.313;249886.938;77575.672;1550193.375;185.652;566.807;21.416;1838844.125;76.448;5136.677;61.558;249886.938;49.065;249886.938;1838844.125;91279.375;249886.938;1550193.375;4898.614;54231.68;8625.541;566.807;5136.677;0;119986.719;1079.25;1140.744;2.699;5599.917;26.244;119986.719;53.403;119986.719;3058.444;5599.917;33019.434;294701.75;20.47;63901.227;423211.281;717320.313;183791.906;63901.227;1211.856;63901.227;78.287;5599.917;127108.219;119986.719;1554862.375;119986.719;63901.227;717320.313;1140.744;5599.917;294701.75;0;14959.496;36.217;14959.496;113.215;14959.496;49418.559;14959.496;80573.531;137260.109;77628.453;115448.609;33892.078;60487.531;19519.404;21399.555;8195.982;3269.385;4504.44;840858.125;125935.289;3269.385;84358.5;840858.125;857.502;3269.385;138482.422;1104.643;13918.978;1104.643;0;840858.125;840858.125;115448.609;137260.109;3269.385;60487.531;14959.496;1104.643;840.858125
9670.885;25982.119;4714.667;119668.164;9732.46;433.306;68676.148;119668.164;34.631;119668.164;228497.453;119668.164;185443.984;206937.969;582.148;119668.164;68793.531;119668.164;0;298454;20773.096;298454;145994.953;1024945.188;548775.5;147039.375;110.102;147039.375;6125.165;14666.524;119668.164;147039.375;147039.375;298454;206937.969;688.315;147039.375;25982.119;433.306;119668.164;14666.524;121813.273;84860.023;475574.031;1692460.25;0;231812.047;2062.26;4871.922;53709.977;1692460.25;8820.7;51422.285;1253.25;84860.023;6083.31;8056.053;386487.375;231812.047;85809.852;1431437.25;135.862;532.948;9.526;1692460.25;215.874;5068.523;14.172;231812.047;48.851;231812.047;1692460.25;84860.023;231812.047;1431437.25;4871.922;51422.285;8056.053;532.948;5068.523;185.947;112404.055;1109.717;1061.371;408;4898.741;45.862;112404.055;63.837;112404.055;3100.206;4898.741;11071.148;326350.188;6.885;58324.098;420739.594;719968.625;172481.203;58324.098;1179.911;58324.098;0;4898.741;137393.609;112404.055;1435600.25;112404.055;58324.098;719968.625;1061.371;4898.741;326350.188;0;13191.198;29.42;13191.198;149.716;13191.198;45287.777;13191.198;76329.867;125587.266;74876.164;101817.422;32603.082;55636.391;42517.027;28777.27;26387.586;2872.909;4352.828;788192.188;120073.883;2872.909;83301.648;788192.188;999.401;2872.909;282719.844;2072.505;38431.035;2072.505;26.664;788192.188;788192.188;101817.422;125587.266;2872.909;55636.391;13191.198;2072.505;788.192188
5778.901;30607.646;2008.824;146057.203;2752.236;433.617;34773.625;146057.203;6.949;146057.203;28821.48;146057.203;90057.758;238149.156;287.527;146057.203;34260.848;146057.203;37.96;320121.375;12783.006;320121.375;72719.461;1264924.5;151319.969;179830.797;99.531;179830.797;2007.943;19794.365;146057.203;179830.797;179830.797;320121.375;238149.156;336.54;179830.797;30607.646;433.617;146057.203;19794.365;40757.418;102042.5;130401.977;2098862.25;2.06;281836.719;1153.198;5731.918;32852.324;2098862.25;8246.031;60417.641;1002.851;102042.5;790.578;10137.049;181441.719;281836.719;35090.598;1709386.75;193.106;540.035;15.934;2098862.25;0;6189.476;516;281836.719;13.571;281836.719;2098862.25;102042.5;281836.719;1709386.75;5731.918;60417.641;10137.049;540.035;6189.476;30.305;123664.211;425.251;1452.514;8.235;5449.053;0;123664.211;1.976;123664.211;1477.798;5449.053;5042.519;266744.188;0;70821.672;243401.766;725626.313;104865.367;70821.672;1797.71;70821.672;46.728;5449.053;47526.156;123664.211;1714319.375;123664.211;70821.672;725626.313;1452.514;5449.053;266744.188;6.3570000000000002;16683.422;10.028;16683.422;52.131;16683.422;28805.855;16683.422;44093.492;149451.016;43718.156;123418.836;19078.221;67756.242;1127.732;19057.973;4868.878;3665.759;3832.832;973758;74945.297;3665.759;51949.223;973758;464.234;3665.759;31232.111;1032.974;5450.731;1032.974;19.465;973758;973758;123418.836;149451.016;3665.759;67756.242;16683.422;1032.974;973.758
5376.218;28965.783;2139.919;136770.75;1285.086;449.395;37942.547;136770.75;18.812;136770.75;83570.766;136770.75;99533.742;229041.516;275.864;136770.75;37911.426;136770.75;69.365;315643.375;11510.457;315643.375;74182.109;1203493.375;239826.906;166493.734;54.298;166493.734;3803.794;17880.275;136770.75;166493.734;166493.734;315643.375;229041.516;192.555;166493.734;28965.783;449.395;136770.75;17880.275;47524.488;97542.164;244239.188;1963925.875;0;264598.281;1520.496;5326.704;39832.465;1963925.875;6357.488;58168.395;645.991;97542.164;2629.422;9529.326;191761.266;264598.281;44386.277;1606430.5;166.571;475.279;28.386;1963925.875;21.953;5529.456;13.329;264598.281;5.464;264598.281;1963925.875;97542.164;264598.281;1606430.5;5326.704;58168.395;9529.326;475.279;5529.456;71.66;120164.922;498.875;1206.79;1.479;6543.641;0;120164.922;33.552;120164.922;1745.352;6543.641;4400.05;318118.594;3.743;66047.859;218386.125;774072.125;92823.328;66047.859;1304.394;66047.859;0;6543.641;60742.078;120164.922;1610789.875;120164.922;66047.859;774072.125;1206.79;6543.641;318118.594;8.7850000000000001;15651.996;0;15651.996;55.938;15651.996;26176.176;15651.996;39277.129;138208.047;37323.727;111317.273;17454.982;62643.625;14734.754;25840.324;5290.759;3371.307;2866.591;901827.188;65435.852;3371.307;43031.762;901827.188;603.044;3371.307;187316.328;2667.311;22895.371;2667.311;5.868;901827.188;901827.188;111317.273;138208.047;3371.307;62643.625;15651.996;2667.311;901.827188
9913.665;32808.133;3306.35;149190.469;882.53;425.858;56732.758;149190.469;7.957;149190.469;94024.516;149190.469;176752.766;253382.625;415.41;149190.469;56057.797;149190.469;0;329049.625;17195;329049.625;120333.023;1307717.25;347279.688;182687.016;125.596;182687.016;3030.563;19774.057;149190.469;182687.016;182687.016;329049.625;253382.625;407.778;182687.016;32808.133;425.858;149190.469;19774.057;70303.922;106727.727;327597.656;2144319.75;0;301986.656;1612.482;5810.4;41296.305;2144319.75;8636.271;63483.91;1379.939;106727.727;2886.787;10259.411;320527.813;301986.656;65788.742;1786096.25;254.851;627.397;19.816;2144319.75;45.056;6812.066;29.689;301986.656;8.216;301986.656;2144319.75;106727.727;301986.656;1786096.25;5810.4;63483.91;10259.411;627.397;6812.066;67.14;138818.297;853.266;1313.302;9.018;6545.386;13.383;138818.297;28.473;138818.297;2481.666;6545.386;32164.65;286615.844;8.19;75946.078;338912.5;733076.688;169297.063;75946.078;1709.469;75946.078;0;6545.386;103643.93;138818.297;1790096.75;138818.297;75946.078;733076.688;1313.302;6545.386;286615.844;6.5919999999999996;18173.863;32.121;18173.863;121.965;18173.863;44074.063;18173.863;73922.695;164907.375;70461.664;134139;30893.762;71302.078;12724.182;18978.701;6291.105;3697.744;4198.012;1014116.813;115550.234;3697.744;77961.461;1014116.813;803.189;3697.744;88820.742;1098.823;9381.424;1098.823;51.803;1014116.813;1014116.813;134139;164907.375;3697.744;71302.078;18173.863;1098.823;1014.116813
6899.391;32738.328;2570.232;152305.328;2758.555;406.344;41264.465;152305.328;36.395;152305.328;21931.188;152305.328;112539.664;251131.188;264.991;152305.328;41097.133;152305.328;0;354205.875;17880.234;354205.875;90311.945;1282918.125;181398.906;186149.484;122.408;186149.484;1592.271;20140.988;152305.328;186149.484;186149.484;354205.875;251131.188;302.897;186149.484;32738.328;406.344;152305.328;20140.988;46189.105;104706.703;145779.609;2175828.25;0;295937.031;1244.657;5900.551;29114.02;2175828.25;7754.394;63667.156;872.423;104706.703;899.28;10305.714;230160.984;295937.031;40298.238;1765694;157.027;579.534;19.854;2175828.25;8.599;6348.166;9.804;295937.031;26.034;295937.031;2175828.25;104706.703;295937.031;1765694;5900.551;63667.156;10305.714;579.534;6348.166;2.267;131882.938;363.031;1378.59;535;6115.031;0;131882.938;9.558;131882.938;1842.892;6115.031;6683.901;310291.219;3.413;74886.633;327133.281;800609.5;134958.125;74886.633;1950.423;74886.633;0;6115.031;63505.879;131882.938;1770302.375;131882.938;74886.633;800609.5;1378.59;6115.031;310291.219;905;17805.803;10.623;17805.803;149.892;17805.803;34604.016;17805.803;59773.738;158305.563;59014.199;127998.289;24721.697;68867.539;768.755;27517.273;5127.291;3750.029;4208.197;1006367.063;98441.508;3750.029;68523.563;1006367.063;485.876;3750.029;22411.012;1501.379;3066.281;1501.379;0;1006367.063;1006367.063;127998.289;158305.563;3750.029;68867.539;17805.803;1501.379;1006.367063
5274.211;29467.648;1901.644;136016.172;62.905;369.557;41762.398;136016.172;12.051;136016.172;66184.078;136016.172;115279.672;227005.453;142.033;136016.172;41414.293;136016.172;25.375;312104.344;11205.97;312104.344;80891.422;1158708.75;382203.563;167603.734;60.813;167603.734;5831.069;17101.688;136016.172;167603.734;167603.734;312104.344;227005.453;276.779;167603.734;29467.648;369.557;136016.172;17101.688;30183.713;96417.695;168024.563;1939773.625;0;256380.906;894.634;5445.154;76008.234;1939773.625;5476.675;56200.668;736.027;96417.695;6637.818;9503.236;223405.109;256380.906;64755.727;1604063.875;272.565;538.562;16.149;1939773.625;24.63;5285.576;9.873;256380.906;7.12;256380.906;1939773.625;96417.695;256380.906;1604063.875;5445.154;56200.668;9503.236;538.562;5285.576;0;123368.32;639.392;1225.365;471;6284.228;0;123368.32;6.828;123368.32;2478.615;6284.228;5681.683;333014.781;0;65602.273;226470.578;760294.438;99786.922;65602.273;1057.475;65602.273;72.783;6284.228;93925.055;123368.32;1608961.75;123368.32;65602.273;760294.438;1225.365;6284.228;333014.781;0;15355.027;38.357;15355.027;74.225;15355.027;28912.389;15355.027;46722.391;137335.797;43999.477;110327.109;21634.625;61588.133;67222.758;24601.889;657.198;3288.6;2013.399;885741.375;68880.836;3288.6;51110.594;885741.375;245.969;3288.6;358253.406;2793.299;42578.418;2793.299;40.754;885741.375;885741.375;110327.109;137335.797;3288.6;61588.133;15355.027;2793.299;885.741375
12436.22;33560.852;5471.816;152702.188;2840.751;373.794;78824.609;153581.734;70.066;153581.734;156503.891;153581.734;210454.875;262431.031;431.012;153581.734;78944.289;153581.734;13.524;336153.125;26515.764;336153.125;165952.578;1307417.25;458471.375;180492.578;172.803;180492.578;3660.903;19971.748;152702.188;180492.578;180492.578;336153.125;262431.031;500.374;180492.578;33560.852;373.794;153581.734;19971.748;87970.664;107002.633;454383.719;2135031.5;220;301568.625;2400.857;6089.145;50958.609;2135031.5;8574.476;64624.602;1353.424;107002.633;4929.607;10485.616;448508.125;301568.625;94061.922;1797962.5;292.512;492.459;38.755;2135031.5;197.782;6606.141;27.475;301568.625;46.04;301568.625;2135031.5;107002.633;301568.625;1797962.5;6089.145;64624.602;10485.616;492.459;6606.141;122.906;140549.531;1023.133;1414.076;0;6731.628;0;140549.531;71.835;140549.531;3897.992;6731.628;8167.918;265123.219;0;76880.531;484323.563;736315.75;242445.813;76880.531;1191.109;76880.531;0;6731.628;146046.141;140549.531;1803565.5;140549.531;76880.531;736315.75;1414.076;6731.628;265123.219;11.669;18449.385;49.999;18449.385;207.451;18449.385;60607.527;18449.385;106850.867;166012.313;107465.039;143203.094;45227.82;75304.328;12217.707;12801.891;21274.584;3994.902;6592.086;1033258.438;172255.938;3994.902;113277.727;1033258.438;1228.137;3994.902;7720.845;182.993;2134.798;182.993;61.944;1033258.438;1033258.438;143203.094;166012.313;3994.902;75304.328;18449.385;182.993;1033.258438
6778.073;31641.436;2801.351;144518.516;611.441;440.32;42831.652;144518.516;15.97;144518.516;59145.805;144518.516;115726.625;244055.219;271.608;144518.516;42528.727;144518.516;0;321256.656;14579.779;321256.656;91876.492;1290068.5;229978.594;174398.125;97.525;174398.125;2208.999;19400.672;144518.516;174398.125;174398.125;321256.656;244055.219;338.672;174398.125;31641.436;440.32;144518.516;19400.672;45409.223;101779.742;213275.563;2067350.5;6.8319999999999999;274961.969;1662.904;5316.457;41376.414;2067350.5;7086.106;60998.297;855.419;101779.742;1569.729;9595.386;228037.391;274961.969;46713.391;1705843.5;248.247;615.626;19.646;2067350.5;2.782;5765.142;18.842;274961.969;9.657;274961.969;2067350.5;101779.742;274961.969;1705843.5;5316.457;60998.297;9595.386;615.626;5765.142;37.291;125681.508;567.257;1315.755;107;6101.695;0;125681.508;26.129;125681.508;1979.246;6101.695;7368.781;260027.313;14.889;71211.047;273472.656;714434.375;125737.594;71211.047;1305.419;71211.047;0;6101.695;71085.57;125681.508;1710363.75;125681.508;71211.047;714434.375;1315.755;6101.695;260027.313;20.207999999999998;17122.26;401;17122.26;122.924;17122.26;32235.154;17122.26;53402.961;147910.453;51709.355;124469.008;23444.268;69892.781;5696.797;12962.198;3500.357;3569.217;4003.13;962074.625;85887.273;3569.217;58971.016;962074.625;526.9;3569.217;31670.898;459.085;2901.916;459.085;9.239;962074.625;962074.625;124469.008;147910.453;3569.217;69892.781;17122.26;459.085;962.074625
11796.368;35293.535;5115.585;162451.406;937.789;383.389;73375.055;162451.406;24.831;162451.406;121098.031;162451.406;193679.469;277968.438;662.425;162451.406;73418.195;162451.406;0;352872.969;23861.684;352872.969;155736.313;1360574.625;422789.906;197495.25;176.751;197495.25;4405.869;22141.186;162451.406;197495.25;197495.25;352872.969;277968.438;492.714;197495.25;35293.535;383.389;162451.406;22141.186;83929.383;114010.727;400180.719;2226041;0;329362.313;2716.068;6095.021;46313.953;2226041;10594.914;69764.078;1811.995;114010.727;3441.645;10706.051;409071.781;329362.313;79565.844;1914053;199.039;687.248;21.227;2226041;24.977;6391.626;1.568;329362.313;33.873;329362.313;2226041;114010.727;329362.313;1914053;6095.021;69764.078;10706.051;687.248;6391.626;0;150060.75;1135.459;1585.61;0;6551.867;25.014;150060.75;61.823;150060.75;3296.164;6551.867;8984.646;294821.594;0;82470.508;450210.438;805870;216376.766;82470.508;1604.768;82470.508;18.921;6551.867;140683.938;150060.75;1918111.875;150060.75;82470.508;805870;1585.61;6551.867;294821.594;10.696;18991.072;35.234;18991.072;168.027;18991.072;57413.762;18991.072;98982.047;179472.344;94127.305;146151.422;41505.047;78522.984;17265.223;19161.273;7417.144;4050.59;6097.926;1073920.125;159995.281;4050.59;105893.203;1073920.125;1035.584;4050.59;62472.754;700.044;6572.112;700.044;18.828;1073920.125;1073920.125;146151.422;179472.344;4050.59;78522.984;18991.072;700.044;1073.920125
12544.237;33616.027;6069.043;156854.547;3080.147;424.122;85034.484;156854.547;47.654;156854.547;215886.688;156854.547;228844.172;272433.844;63.013;156854.547;84130.992;156854.547;0;337561.438;25176.758;337561.438;182062.234;1307755.5;589137.75;189383.031;153.476;189383.031;4213.03;21459.189;156854.547;189383.031;189383.031;337561.438;272433.844;521.555;189383.031;33616.027;424.122;156854.547;21459.189;134270.406;111613.352;535139.188;2116329;0;302011.719;2456.836;5868.65;53800.906;2116329;9955.872;66028.063;1529.597;111613.352;6623.828;10356.683;480520.625;302011.719;99593.195;1808194.75;247.286;564.121;16.795;2116329;233.595;6523.584;26.932;302011.719;134.9;302011.719;2116329;111613.352;302011.719;1808194.75;5868.65;66028.063;10356.683;564.121;6523.584;203.881;147423.984;1413.408;1564.067;2.299;6572.419;0;147423.984;45.579;147423.984;3734.442;6572.419;9450.308;271783.688;2.003;77043.227;481104.219;737397.125;235010.766;77043.227;1124.811;77043.227;0;6572.419;168224;147423.984;1812736.125;147423.984;77043.227;737397.125;1564.067;6572.419;271783.688;11.587;17920.773;20.56;17920.773;162.186;17920.773;59405.758;17920.773;105409.68;168113.875;103031.883;138187.75;44204.691;75207.078;23210.338;12932.226;27844.295;4096.979;5540.536;1030731.875;172350.656;4096.979;112781.711;1030731.875;1359.586;4096.979;13084.631;116.246;1250.594;116.246;90.652;1030731.875;1030731.875;138187.75;168113.875;4096.979;75207.078;17920.773;116.246;1030.731875
10658.765;32793.711;4884.112;155044.469;2280.967;406.143;71201.336;155174.078;29.007;155174.078;132394.594;155174.078;184517.141;253262.063;629.508;155174.078;70712.07;155174.078;0;327124.719;21581.539;327124.719;149608.406;1280230.125;418221.5;180983.078;134.134;180983.078;3951.16;19165.207;155044.469;180983.078;180983.078;327124.719;253262.063;445.535;180983.078;32793.711;406.143;155174.078;19165.207;78186.328;107034.359;360329.906;2108052;8.4209999999999994;295211.906;2137.37;5919.344;43799.559;2108052;9517.582;63278.668;1487.715;107034.359;4331.17;10254.978;383810.125;295211.906;81141.609;1787134.125;163.254;624.261;15.533;2108052;30.796;5941.822;32.312;295211.906;38.668;295211.906;2108052;107034.359;295211.906;1787134.125;5919.344;63278.668;10254.978;624.261;5941.822;107.573;137762.031;1083.67;1450.775;0;6544.859;28.012;137762.031;23.824;137762.031;3200.653;6544.859;7931.109;279462.375;0;75589.305;420510;738343.375;201126.766;75589.305;1309.801;75589.305;0;6544.859;134160.234;137762.031;1790490.125;137762.031;75589.305;738343.375;1450.775;6544.859;279462.375;8.1359999999999992;17386.672;6.298;17386.672;200.621;17386.672;51771.219;17386.672;91036.148;162978.016;87152.586;133435.953;37027.281;72041.289;16026.068;17394.041;7822.006;3813.045;5161.401;999868.063;140617.969;3813.045;96991.531;999868.063;960.62;3813.045;104561.867;886.437;10850.44;886.437;27.129;999868.063;999868.063;133435.953;162978.016;3813.045;72041.289;17386.672;886.437;999.868063
12952.509;33357.906;5053.254;157152.172;3330.841;331.456;75644.586;157152.172;82.583;157152.172;87907.813;157152.172;200220.141;259054.594;593.559;157152.172;74604.922;157152.172;28.566;370149.844;32532.422;370149.844;177215.063;1316548.375;388406.5;186574.5;178.092;186574.5;2571.354;18860.193;157152.172;186574.5;186574.5;370149.844;259054.594;624.877;186574.5;33357.906;331.456;157152.172;18860.193;82636.234;101249.859;286193.938;2105438.5;8.6880000000000006;304450.688;2938.183;5896.338;30486.709;2105438.5;11556.909;66318.813;1963.788;101249.859;2437.699;9610.352;443584.688;304450.688;71285.867;1764648.875;185.508;674.708;23.68;2105438.5;25.854;6401.433;20.523;304450.688;28.964;304450.688;2105438.5;101249.859;304450.688;1764648.875;5896.338;66318.813;9610.352;674.708;6401.433;0;145060.656;834.746;1243.521;0;6022.593;0;145060.656;19.11;145060.656;3405.193;6022.593;9001.735;313426.531;12.499;74956.125;544322.5;757301.313;246538.75;74956.125;1974.236;74956.125;0;6022.593;136073.734;145060.656;1768500.875;145060.656;74956.125;757301.313;1243.521;6022.593;313426.531;5.0259999999999998;18054.395;19.138;18054.395;180.863;18054.395;64805.539;18054.395;116462.57;167818.969;113580.313;136069.906;46333.336;74502.297;6627.833;24770.932;10542.847;4171.465;6284.52;1008535.75;176093.891;4171.465;121914.43;1008535.75;985.41;4171.465;35920.551;829.525;3844.599;829.525;0;1008535.75;1008535.75;136069.906;167818.969;4171.465;74502.297;18054.395;829.525;1008.53575
5888.344;28985.15;2004.54;140158.813;81.853;496.082;44229.164;140158.813;4.716;140158.813;69835.484;140158.813;119705.961;228988.938;126.798;140158.813;43661.289;140158.813;42.93;314259.531;11003.563;314259.531;79921.195;1218208.125;399252.75;167541.094;73.244;167541.094;6811.222;18854.947;140158.813;167541.094;167541.094;314259.531;228988.938;291.021;167541.094;28985.15;496.082;140158.813;18854.947;32737.375;98935.875;173448.484;2022685.25;0;268125.375;1031.253;5223.667;80025.375;2022685.25;5241.208;60368.25;798.318;98935.875;6636.171;9290.175;229098.625;268125.375;61191.121;1646230.375;166.468;413.2;14.731;2022685.25;32.539;5348.193;668;268125.375;67.492;268125.375;2022685.25;98935.875;268125.375;1646230.375;5223.667;60368.25;9290.175;413.2;5348.193;116.246;120497.906;515.889;1275.12;354;6339.135;31.062;120497.906;632;120497.906;2168.505;6339.135;6428.061;330493.531;31.164;65895.148;235495.531;783219.938;100457.445;65895.148;1081.542;65895.148;0;6339.135;93485.43;120497.906;1649546.875;120497.906;65895.148;783219.938;1275.12;6339.135;330493.531;20.151;15467.654;8.928;15467.654;88.013;15467.654;29450.979;15467.654;43005.523;135802.297;41306.129;113420.742;19896.469;63608.012;64668.84;25549.117;788.047;3667.492;2043.722;891110.438;70426.398;3667.492;49147.652;891110.438;252.774;3667.492;351846.656;2442.092;40942.379;2442.092;32.585;891110.438;891110.438;113420.742;135802.297;3667.492;63608.012;15467.654;2442.092;891.110438
10839.058;31851.777;4177.931;147678.484;372.86;354.689;66678.656;148460.891;12.185;148460.891;69165.5;148460.891;176622.859;245991.594;388.692;148460.891;66757.281;148460.891;0;343358.219;25760.301;343358.219;155971.125;1249650.625;318259.625;178622.938;121.15;178622.938;2197.851;18119.373;147678.484;178622.938;178622.938;343358.219;245991.594;615.656;178622.938;31851.777;354.689;148460.891;18119.373;71191.578;103161.305;292678.438;2076465.75;860;274932.75;2093.376;5713.234;38912.953;2076465.75;8987.279;61656.418;1486.805;103161.305;1781.853;9765.74;362238.125;274932.75;68496.945;1690596.25;181.181;527.853;18.915;2076465.75;102.459;5663.706;29.54;274932.75;27.027;274932.75;2076465.75;103161.305;274932.75;1690596.25;5713.234;61656.418;9765.74;527.853;5663.706;8.718;130649.391;836.265;1294.621;9.727;5827.701;0;130649.391;18.121;130649.391;3008.929;5827.701;8517.409;284195.406;0;71331.836;464800.594;723501.563;203450.859;71331.836;1301.118;71331.836;36.809;5827.701;118551.438;130649.391;1696403.875;130649.391;71331.836;723501.563;1294.621;5827.701;284195.406;35.664999999999999;16575.883;0;16575.883;207.003;16575.883;51788.973;16575.883;97261.086;155242.047;91784.203;127217.602;39490.395;68101.766;12960.509;21464.334;10637.249;3608.151;7248.911;952747.375;149115.266;3608.151;106904.766;952747.375;1104.662;3608.151;39443.457;630.027;4140.056;630.027;53.622;952747.375;952747.375;127217.602;155242.047;3608.151;68101.766;16575.883;630.027;952.747375
7617.478;29072.049;2929.567;137557.406;967.879;372.976;50168.02;137557.406;19.787;137557.406;76592.742;137557.406;131768.531;227878.875;306.834;137557.406;49935.859;137557.406;41.329;309379.625;17974.414;309379.625;106222.141;1143877.75;265599.969;163551.719;24.397;163551.719;3549.274;17454.846;137557.406;163551.719;163551.719;309379.625;227878.875;333.771;163551.719;29072.049;372.976;137557.406;17454.846;58890.805;96408.008;284080.094;1959074;0;254238.078;1511.471;5108.499;39740.02;1959074;7005.935;57405.848;1129.189;96408.008;1896.001;9179.104;260591.313;254238.078;54592.578;1582514.875;146.115;440.295;16.082;1959074;58.012;5250.165;2.052;254238.078;8.104;254238.078;1959074;96408.008;254238.078;1582514.875;5108.499;57405.848;9179.104;440.295;5250.165;47.092;117258.617;737.516;1104.375;3.349;5666.468;10.636;117258.617;61.507;117258.617;1782.725;5666.468;7944.073;285437.219;4.19;65666.445;331943.469;714517.375;144809.359;65666.445;1304.163;65666.445;0;5666.468;83241.133;117258.617;1587009.375;117258.617;65666.445;714517.375;1104.375;5666.468;285437.219;0;15531.577;16.963;15531.577;177.086;15531.577;38085.59;15531.577;61978.555;139652.031;58998.18;113626.727;26677.166;64487.367;16266.976;23332.096;4004.319;3362.063;4260.906;896827.813;99055.742;3362.063;69655.984;896827.813;656.85;3362.063;107477.688;1419.854;14451.244;1419.854;0;896827.813;896827.813;113626.727;139652.031;3362.063;64487.367;15531.577;1419.854;896.827813
6068.27;35311.598;1780.312;160935.797;1743.888;460.131;35352.727;160975.891;6.527;160975.891;35982.883;160975.891;72462.336;212178.125;146.791;160975.891;34178.238;160975.891;0;346002.5;12764.093;346002.5;74883.297;1358319.25;174860.375;194979.938;88.631;194979.938;1462.643;21820.672;160935.797;194979.938;194979.938;346002.5;212178.125;215.787;194979.938;35311.598;460.131;160975.891;21820.672;52470.832;111471;148952.75;2281255.5;0;305478.219;999.885;6148.471;32244.146;2281255.5;7158.453;67454.18;761.467;111471;1127.429;10365.793;184509.531;305478.219;38492.184;1838895.375;175.327;546.136;22.946;2281255.5;658;6751.941;14.716;305478.219;27.342;305478.219;2281255.5;111471;305478.219;1838895.375;6148.471;67454.18;10365.793;546.136;6751.941;28.706;135474.672;353.741;1451.114;591;6336.966;0;135474.672;24.71;135474.672;1808.925;6336.966;4332.057;273270.188;4.124;77693.758;235915.906;775210.938;104564.438;77693.758;1422.172;77693.758;0;6336.966;51685.785;135474.672;1843613.5;135474.672;77693.758;775210.938;1451.114;6336.966;273270.188;11.335000000000001;18851.852;12.039;18851.852;47.128;18851.852;28550.129;18851.852;46885.535;163463.797;44505.254;133934.094;20049.123;74510.102;734.812;19349.67;10075.903;4609.32;5154.624;1054060.75;76194.391;4609.32;51569.738;1054060.75;513.328;4609.32;15023.189;629.897;1960.034;629.897;22.603;1054060.75;1054060.75;133934.094;163463.797;4609.32;74510.102;18851.852;629.897;1054.06075
8243.546;33951.367;3355.269;159329.5;1205.566;441.705;55136.461;159329.5;43.619;159329.5;100752.18;159329.5;111484.242;207162.922;432.14;159329.5;55151.738;159329.5;0;349243.219;15401.563;349243.219;112992.445;1347664.875;331035.625;195001.188;143.356;195001.188;3513.41;20500.766;159329.5;195001.188;195001.188;349243.219;207162.922;389.675;195001.188;33951.367;441.705;159329.5;20500.766;60442.73;113755.328;322695.094;2256547.25;24.718;299871.563;1707.672;5582.838;46979.598;2256547.25;7828.987;65924.563;1018.491;113755.328;2516.066;10641.109;286582.438;299871.563;63171.168;1819966.625;136.781;623.848;18.055;2256547.25;13.795;6694.067;18.904;299871.563;36.491;299871.563;2256547.25;113755.328;299871.563;1819966.625;5582.838;65924.563;10641.109;623.848;6694.067;124.599;138285.703;917.396;1428.158;0;6537.998;65.421;138285.703;56.332;138285.703;2493.915;6537.998;5706.295;279903.469;0;77209.391;311256.094;801847.313;147707.031;77209.391;1056.868;77209.391;5.362;6537.998;99833.055;138285.703;1826212.75;138285.703;77209.391;801847.313;1428.158;6537.998;279903.469;1.069;18077.838;8.229;18077.838;79.303;18077.838;40196.039;18077.838;64071.418;159564.453;64326.316;133527.859;28800.936;75854.906;11614.947;18011.607;5806.595;3473.254;3760.057;1014868.688;107631.672;3473.254;69962.695;1014868.688;761.407;3473.254;67262.609;889.568;6824.25;889.568;48.73;1014868.688;1014868.688;133527.859;159564.453;3473.254;75854.906;18077.838;889.568;1014.868688
4596.878;28738.965;1730.255;138323.578;1275.412;435.633;30761.645;138948.375;8.999;138948.375;50847.586;138948.375;74232.617;190427.828;122.68;138948.375;30799.873;138948.375;0;339252.719;10752.847;339252.719;65311.406;1185476.625;186278.547;168641.547;79.369;168641.547;2407.669;17702.93;138323.578;168641.547;168641.547;339252.719;190427.828;151.039;168641.547;28738.965;435.633;138948.375;17702.93;35597.809;95634.609;153692.266;1950506.625;2.907;250122.344;894.205;4498.006;36004.844;1950506.625;6906.433;59396.902;810.643;95634.609;1057.765;9240.764;164472.281;250122.344;37389.789;1576718.25;202.73;743.295;17.368;1950506.625;518;5251.368;22.5;250122.344;5.528;250122.344;1950506.625;95634.609;250122.344;1576718.25;4498.006;59396.902;9240.764;743.295;5251.368;15.882;114973.641;398.367;1350.224;0;5857.599;17.358;114973.641;16.554;114973.641;1334.668;5857.599;6932.133;361019.375;0;63454.902;219804.281;838149.625;82668.281;63454.902;1633.212;63454.902;0;5857.599;53802.605;114973.641;1578105.25;114973.641;63454.902;838149.625;1350.224;5857.599;361019.375;0;15047.225;35.772;15047.225;13.807;15047.225;21405.82;15047.225;34485.883;127917.5;33340.938;104896.992;15475.41;61203.484;14785.14;45006.117;2367.234;2881.104;2987.178;854198.438;56295.336;2881.104;41869.391;854198.438;420.473;2881.104;116830.914;3002.384;15420.414;3002.384;50.273;854198.438;854198.438;104896.992;127917.5;2881.104;61203.484;15047.225;3002.384;854.198438
9935.313;31572.715;3732.387;149507.359;939.997;366.804;65454.668;149507.359;29.556;149507.359;119267.5;149507.359;132944.656;195946.359;528.056;149507.359;65528.41;149507.359;14.34;350118.813;22591.123;350118.813;140056.563;1225054.125;397383.719;182524.594;120.705;182524.594;4135.531;19686.59;149507.359;182524.594;182524.594;350118.813;195946.359;535.51;182524.594;31572.715;366.804;149507.359;19686.59;83167.969;102300.547;310970.563;2151811.25;1.4750000000000001;281548.781;1880.717;5327.35;46232.664;2151811.25;8057.592;63764.871;1354.644;102300.547;2143.913;10043.924;352249.188;281548.781;71932.859;1685325;172.132;579.051;27.551;2151811.25;114.229;5960.054;54.172;281548.781;17.207;281548.781;2151811.25;102300.547;281548.781;1685325;5327.35;63764.871;10043.924;579.051;5960.054;3.515;131706.656;842.652;1479.624;319;6279.632;0;131706.656;16.66;131706.656;2848.052;6279.632;7802.44;327899.469;0;68682.211;419807.219;780211.875;177635;68682.211;1691.799;68682.211;0;6279.632;117115.992;131706.656;1689178.5;131706.656;68682.211;780211.875;1479.624;6279.632;327899.469;0;16615.561;16.032;16615.561;111.862;16615.561;47424.594;16615.561;80038;156348.406;78695.328;124751.703;34903.645;69657.625;23288.059;32049.875;12587.142;3552.673;6020.234;960453.375;128492.367;3552.673;87252.258;960453.375;936.093;3552.673;123369.047;1990.479;18098.75;1990.479;29.427;960453.375;960453.375;124751.703;156348.406;3552.673;69657.625;16615.561;1990.479;960.453375
5819.517;28529.938;1955.582;137105.422;90.493;499.277;42766.359;137105.422;6.708;137105.422;69932.359;137105.422;118414.953;232653.156;209.17;137105.422;42826.273;137105.422;0;309691.063;10958.136;309691.063;80141.063;1202346.25;396119.875;169549.938;88.818;169549.938;6547.608;18141.678;137105.422;169549.938;169549.938;309691.063;232653.156;213.566;169549.938;28529.938;499.277;137105.422;18141.678;31588.545;96926.156;166907.219;2012269.625;0;260543.156;1075.126;4931.661;77306.086;2012269.625;5534.702;56939.543;809.899;96926.156;6376.794;9107.875;225005.547;260543.156;62618.746;1605531.875;119.957;611.468;11.858;2012269.625;5.817;5779.022;11.742;260543.156;14.149;260543.156;2012269.625;96926.156;260543.156;1605531.875;4931.661;56939.543;9107.875;611.468;5779.022;131.619;118652.047;645.522;1288.643;16.151;5894.674;0;118652.047;3.634;118652.047;2393.083;5894.674;4711.527;332432.813;0;63768.184;236460.297;782397.125;101925.055;63768.184;949.196;63768.184;0;5894.674;89859.938;118652.047;1609250.25;118652.047;63768.184;782397.125;1288.643;5894.674;332432.813;0;15954.491;63.712;15954.491;12.78;15954.491;28650.756;15954.491;43167.148;134762.563;40574.598;111425.938;19338.012;61822.035;66134.484;26504.393;852.289;3200.84;2067.05;879323.375;68685.055;3200.84;46700.266;879323.375;302.203;3200.84;376680.219;2617.775;47766.18;2617.775;17.613;879323.375;879323.375;111425.938;134762.563;3200.84;61822.035;15954.491;2617.775;879.323375
7147.212;31708.885;2698.886;148441.438;584.876;340.085;43631.223;148441.438;6.612;148441.438;53560.34;148441.438;90754.922;188051.281;296.573;148441.438;43452.301;148441.438;22.394;341544.969;16916.414;341544.969;98984.023;1236138.25;214730.625;181418.688;113.942;181418.688;1678.27;18428.539;148441.438;181418.688;181418.688;341544.969;188051.281;381.438;181418.688;31708.885;340.085;148441.438;18428.539;58394.887;103287.461;175685.844;2074587;1.393;277486.656;1499.196;5678.44;33978.781;2074587;7969.605;61818.621;1163.766;103287.461;1412.852;10030.683;235242.891;277486.656;44387.238;1688400.875;232.042;487.401;12.97;2074587;5.186;5911.093;2.987;277486.656;19.053;277486.656;2074587;103287.461;277486.656;1688400.875;5678.44;61818.621;10030.683;487.401;5911.093;12.83;125151.914;605.677;1343.085;295;6449;8.972;125151.914;5.418;125151.914;1923.217;6449;6483.331;316069.156;0;73955.633;328332.344;787817.25;138092.344;73955.633;1511.039;73955.633;0;6449;69584.07;125151.914;1692470.5;125151.914;73955.633;787817.25;1343.085;6449;316069.156;2.4649999999999999;17322.447;6.918;17322.447;87.441;17322.447;35902.023;17322.447;60079.996;151351.781;58482.008;122335.336;24312.865;67700.969;2634.267;31925.383;9088.288;3793.364;6030.751;973031.813;95521.758;3793.364;68907.07;973031.813;652.875;3793.364;50203.777;1817.222;9843.125;1817.222;0;973031.813;973031.813;122335.336;151351.781;3793.364;67700.969;17322.447;1817.222;973.031813
8387.301;31817.303;3731.323;153405.438;1509.606;365.709;58299.547;153405.438;38.376;153405.438;104277.469;153405.438;120276.891;195754.313;448.841;153405.438;58027.191;153405.438;0;341099.5;19209.822;341099.5;121999.016;1274812.875;341862.656;182108.891;146.628;182108.891;3143.94;19673.857;153405.438;182108.891;182108.891;341099.5;195754.313;200.767;182108.891;31817.303;365.709;153405.438;19673.857;62279.43;107011.227;297533.625;2118899.5;6.67;294676.531;1508.153;5302.483;45151.758;2118899.5;8199.6;63789.816;1239.282;107011.227;2263.889;9716.883;316845.969;294676.531;65775.688;1749544.375;287.078;400.634;16.452;2118899.5;21.913;6211.936;7.174;294676.531;4.754;294676.531;2118899.5;107011.227;294676.531;1749544.375;5302.483;63789.816;9716.883;400.634;6211.936;47.704;135650.125;820.563;1452.449;3.887;6726.283;0;135650.125;21.332;135650.125;2741.952;6726.283;7114.756;284497.406;2.394;76203.531;358464.906;763799.75;166569.234;76203.531;1022.105;76203.531;0;6726.283;109826.773;135650.125;1753964.75;135650.125;76203.531;763799.75;1452.449;6726.283;284497.406;0;17807.439;16.672;17807.439;160.421;17807.439;44190.273;17807.439;77490.508;163694.703;71727.719;132047.672;31835.957;73411.398;12793.495;19270.463;5216.918;3558.259;4551.092;1018891.688;112327.555;3558.259;80669.633;1018891.688;999.703;3558.259;49231.238;689.173;6018.078;689.173;10.27;1018891.688;1018891.688;132047.672;163694.703;3558.259;73411.398;17807.439;689.173;1018.891688
47407.887;29593.168;6248.085;137578.063;2544.239;306.287;124055.555;137578.063;69.668;137578.063;174658.688;137578.063;1130727.625;177782.5;754.604;137578.063;123366.102;137578.063;0;323859.156;30571.363;323859.156;197518.156;1133284.75;1502437.625;157087.391;216.625;157087.391;4844.854;17712.283;137578.063;157087.391;157087.391;323859.156;177782.5;820.819;157087.391;29593.168;306.287;137578.063;17712.283;255673.266;99038.719;579907.063;1868206.125;15.824;266392.906;2784.058;5220.355;45551.973;1868206.125;21031.25;55918.77;3961.799;99038.719;4393.836;8825.73;796793.063;266392.906;213912.813;1513246.375;162.719;448.57;17.036;1868206.125;109.619;5186.773;178.508;266392.906;607.2;266392.906;1868206.125;99038.719;266392.906;1513246.375;5220.355;55918.77;8825.73;448.57;5186.773;54.539;133775.922;1516.44;1217.87;0;5825.449;35.51;133775.922;75.327;133775.922;4985.619;5825.449;643040.688;232009.781;23.555;71043.711;791672.438;668636.813;446868.594;71043.711;1164.957;71043.711;0;5825.449;290228.719;133775.922;1516794.375;133775.922;71043.711;668636.813;1217.87;5825.449;232009.781;14.871;16895.281;116.724;16895.281;310.659;16895.281;131613.328;16895.281;170278.719;157452.156;171548.5;126307.57;83258.813;69634.008;26957.365;23105.178;9023.785;3586.237;5434.484;917820.125;239006.516;3586.237;194717.875;917820.125;1239.398;3586.237;38910.121;305.793;3451.471;305.793;21.237;917820.125;917820.125;126307.57;157452.156;3586.237;69634.008;16895.281;305.793;917.820125
9869.174;33616.598;3134.447;156450.063;386.963;314.239;58758.77;156450.063;57.406;156450.063;71350.039;156450.063;121578.867;200203.453;629.38;156450.063;58806.645;156450.063;0;350791.219;23223.629;350791.219;136052.094;1263884.25;300728.281;185340.328;98.665;185340.328;2632.233;19998.477;156450.063;185340.328;185340.328;350791.219;200203.453;453.051;185340.328;33616.598;314.239;156450.063;19998.477;74416.836;107979.414;235470.531;2146627.5;254;296926.125;2028.802;5504.292;34226.008;2146627.5;8736.943;63362.098;1656.504;107979.414;1538.228;10349.178;332216.313;296926.125;59591.836;1748154.75;201.992;541.391;14.255;2146627.5;6.617;6280.803;41.795;296926.125;11.775;296926.125;2146627.5;107979.414;296926.125;1748154.75;5504.292;63362.098;10349.178;541.391;6280.803;68.259;132331.563;760.476;1332.27;0;6307.635;0;132331.563;2.501;132331.563;3137.594;6307.635;7954.586;290335.344;9.689;76147.102;436898;766624;190788.953;76147.102;1762.894;76147.102;0;6307.635;96074.734;132331.563;1752218.25;132331.563;76147.102;766624;1332.27;6307.635;290335.344;0.78300000000000003;17686.146;9.821;17686.146;231.708;17686.146;48765.336;17686.146;86186.211;162798.859;83864.453;132253.844;36684.262;72532.883;5380.354;24091.445;8357.63;4586.068;6188.889;994711.625;133907.484;4586.068;93849.57;994711.625;1067.709;4586.068;19882.479;543.927;2128.638;543.927;24.921;994711.625;994711.625;132253.844;162798.859;4586.068;72532.883;17686.146;543.927;994.711625
11857.521;33204.625;5139.33;151843.609;1547.137;378.52;77592.805;152615.938;57.493;152615.938;137541.5;152615.938;203485.266;253538.125;728.14;152615.938;76845.75;152615.938;0;319688.375;23183.229;319688.375;161780.828;1223435.25;429804.594;182378.188;140.304;182378.188;4911.915;19614.191;151843.609;182378.188;182378.188;319688.375;253538.125;463.918;182378.188;33204.625;378.52;152615.938;19614.191;89394.023;106152.055;413438.25;2074999.375;0;284344.563;4529.564;5719.946;47823.5;2074999.375;9180.958;62725.047;1646.111;106152.055;3420.84;9976.343;413768.094;284344.563;83379.195;1724960;122.425;505.427;24.265;2074999.375;51.583;6605.567;59.997;284344.563;61.054;284344.563;2074999.375;106152.055;284344.563;1724960;5719.946;62725.047;9976.343;505.427;6605.567;87.395;133965.328;1213.842;1616.849;4.211;6377.357;56.556;133965.328;54.059;133965.328;3437.516;6377.357;8076.124;276364.625;26.87;75448.906;454469.281;723159.063;220837.516;75448.906;771.543;75448.906;17.085;6377.357;146508.234;133965.328;1729411.5;133965.328;75448.906;723159.063;1616.849;6377.357;276364.625;5.7240000000000002;17733.916;0;17733.916;168.977;17733.916;58840.883;17733.916;104064.336;159396.188;98848.367;136077.656;43236.246;73813.172;23183.92;19239.557;7668.709;3806.314;4466.579;1009048.5;156137.281;3806.314;106024.203;1009048.5;1147.787;3806.314;88015.094;598.406;7982.575;598.406;46.289;1009048.5;1009048.5;136077.656;159396.188;3806.314;73813.172;17733.916;598.406;1009.0485
9319.085;37162.855;3983.694;175868.016;728.91;467.498;66011.063;175868.016;52.892;175868.016;130710.594;175868.016;173957.125;296475.656;247.61;175868.016;66140.281;175868.016;29.536;390971.469;20595.039;390971.469;137633.016;1433060.625;408973.344;213874.594;45.514;213874.594;3858.31;22575.264;175868.016;213874.594;213874.594;390971.469;296475.656;395.605;213874.594;37162.855;467.498;175868.016;22575.264;81574.453;124087.383;319851.625;2372951.75;0;340189.125;2443.801;6335.963;57502.277;2372951.75;9200.853;73337.43;1588.934;124087.383;3478.528;12333.355;361046.219;340189.125;74067.688;1969499.875;272.135;813.242;18.912;2372951.75;171.247;6851.937;27.189;340189.125;11.444;340189.125;2372951.75;124087.383;340189.125;1969499.875;6335.963;73337.43;12333.355;813.242;6851.937;0;151520.609;881.451;1619.235;827;8141.688;5.121;151520.609;49.068;151520.609;3132.963;8141.688;7530.466;339289.156;0;87696.703;386984.906;849245.188;183688.813;87696.703;1550.572;87696.703;35.772;8141.688;119665;151520.609;1975089.375;151520.609;87696.703;849245.188;1619.235;8141.688;339289.156;14.082000000000001;20217.074;25.414;20217.074;240.784;20217.074;47931.016;20217.074;82886.484;180028.484;79954.086;149418.344;34887.633;82361.781;34171.965;32734.406;17119.854;4177.699;5960.336;1162899.5;130265.695;4177.699;89479.109;1162899.5;909.748;4177.699;131499.563;4938.368;28662.152;4938.368;75.805;1162899.5;1162899.5;149418.344;180028.484;4177.699;82361.781;20217.074;4938.368;1162.8995
5503.553;30168.861;1972.987;142903.625;41.403;475.586;43343.496;142903.625;10.498;142903.625;69193.516;142903.625;120216.813;237687.813;132.411;142903.625;43382.68;142903.625;18.567;306454.781;11922.32;306454.781;78985.945;1173565.125;387785.594;167920.547;74.208;167920.547;5346.809;17607.844;142903.625;167920.547;167920.547;306454.781;237687.813;222.005;167920.547;30168.861;475.586;142903.625;17607.844;32203.734;98509.477;165067.5;1986093.75;0;260473.672;1095.923;4944.152;76338.766;1986093.75;5249.13;58052.73;590.078;98509.477;6394.302;8938.523;229403.203;260473.672;62595.063;1577862;235.982;557.829;18.924;1986093.75;0;5859.651;6.735;260473.672;27.159;260473.672;1986093.75;98509.477;260473.672;1577862;4944.152;58052.73;8938.523;557.829;5859.651;0;119555.297;654.723;1245.892;5.353;6136.627;0;119555.297;9.901;119555.297;2585.298;6136.627;6052.701;323530.531;13.135;67527.625;229223.203;784813.438;103981.055;67527.625;996.18;67527.625;0;6136.627;94826.023;119555.297;1581958.75;119555.297;67527.625;784813.438;1245.892;6136.627;323530.531;0;15781.933;8.752;15781.933;46.997;15781.933;29455.6;15781.933;42190.207;137513.188;40179.445;107428.313;19737.607;66211.977;70803.336;28148.459;661.406;3238.846;2254.697;875815.188;67511.766;3238.846;49058.035;875815.188;252.953;3238.846;378131.844;2853.653;46346.039;2853.653;7.716;875815.188;875815.188;107428.313;137513.188;3238.846;66211.977;15781.933;2853.653;875.815188
296.293;0;4.994;1.7;5.514;2.03;102.425;1.7;0;1.7;20.694;1.7;3398.693;2.929;393;1.7;102.271;1.7;794;8.014;361.373;8.014;31.225;1.977;5058.3;3.543;0;3.543;27.773;0;1.7;3.543;3.543;8.014;2.929;1.97;3.543;0;2.03;1.7;0;756.146;1.722;1481.703;17.018;0;174.405;45.383;0.42;23342.313;17.018;2107.364;0.87;154.602;1.722;1121.784;15.045;931.712;174.405;2173.664;1.937;0;0;419.654;17.018;0;0;1.045;174.405;2.077;174.405;17.018;1.722;174.405;1.937;0.42;0.87;15.045;0;0;0.48;0;227.839;621;239;30.863;0;0;438;0;11.58;30.863;1667.895;74.774;551;0;22587.57;188.983;5205.504;0;0;0;462;30.863;1208.69;0;1.937;0;0;188.983;621;30.863;74.774;0.39100000000000001;641;0;641;0;641;107.152;641;1908.388;2.078;3878.011;1.022;1530.741;9.311;6864.791;379.494;349;1.386;0;0;5001.018;1.386;2639.12;0;0;1.386;2131.92;68.668;967.304;68.668;0;0;0;1.022;2.078;1.386;9.311;NA;68.668;0
62.382;30464.09;8.229;148809.234;36.156;445.185;4720.073;148809.234;225;148809.234;4.886;148809.234;16215.141;243979.641;0;148809.234;4711.416;148809.234;11.316;310856.438;226.393;310856.438;127.405;1254429.875;15229.305;190667.141;0;190667.141;728.221;18263.73;148809.234;190667.141;190667.141;310856.438;243979.641;9.455;190667.141;30464.09;445.185;148809.234;18263.73;2530.654;103715.117;1629.193;2058076.375;0;281277.969;68.801;5092.113;24206.41;2058076.375;5637.593;60614.25;5.002;103715.117;70.318;9538.976;8329.337;281277.969;10162.038;1685230.875;249.078;984.463;12.014;2058076.375;0;5255.999;55;281277.969;4.006;281277.969;2058076.375;103715.117;281277.969;1685230.875;5092.113;60614.25;9538.976;984.463;5255.999;7.185;119004.922;0;1525.454;0;5966.495;3.564;119004.922;1.948;119004.922;205.709;5966.495;1678.856;305653.188;11.235;71333.656;1834.413;816224;207.98;71333.656;2216.669;71333.656;0.27;5966.495;197.753;119004.922;1688155.75;119004.922;71333.656;816224;1525.454;5966.495;305653.188;15.904999999999999;16814.195;3.02;16814.195;2.046;16814.195;162.718;16814.195;92.408;135826.844;51.595;113391.898;40.905;67304.141;976.219;38044.059;41.164;3221.887;494.028;930786.25;110.483;3221.887;607.2;930786.25;0;3221.887;1152.272;1089.269;254.614;1089.269;13.161;930786.25;930786.25;113391.898;135826.844;3221.887;67304.141;16814.195;1089.269;930.78625